<?xml version="1.0" encoding="utf-8"?>
<COLLADA xmlns="http://www.collada.org/2005/11/COLLADASchema" version="1.4.1">
  <asset>
    <contributor>
      <authoring_tool>Fusion URDF/XACRO Exporter</authoring_tool>
    </contributor>
    <created>2026-09-06T19:15:25Z</created>
    <modified>2026-09-06T19:15:25Z</modified>
    <unit name="meter" meter="1.0"/>
    <up_axis>Z_UP</up_axis>
  </asset>
  <library_effects>
    <effect id="Gripper_Shaft__Plastic_-_Matte__Black_-effect">
      <profile_COMMON>
        <technique sid="common">
          <lambert>
            <emission><color>0 0 0 1</color></emission>
            <ambient><color>0.0000 0.0000 0.0000 1</color></ambient>
            <diffuse><color>0.0980 0.0980 0.0980 1</color></diffuse>
            <reflective><color>0 0 0 1</color></reflective>
            <transparent opaque="A_ONE"><color>1 1 1 1</color></transparent>
            <transparency><float>1</float></transparency>
          </lambert>
        </technique>
      </profile_COMMON>
    </effect>
  </library_effects>
  <library_materials>
    <material id="Gripper_Shaft__Plastic_-_Matte__Black_" name="Gripper_Shaft__Plastic_-_Matte_(Black)">
      <instance_effect url="#Gripper_Shaft__Plastic_-_Matte__Black_-effect"/>
    </material>
  </library_materials>
  <library_geometries>
    <geometry id="Gripper-mesh" name="Gripper">
      <mesh>
        <source id="Gripper-mesh-positions">
          <float_array id="Gripper-mesh-positions-array" count="4554">-0.008000 -0.002000 -0.033500 -0.007597 -0.001959 -0.033500 -0.007211 -0.001838 -0.033500 -0.006857 -0.001642 -0.033500 -0.006550 -0.001378 -0.033500 -0.006303 -0.001058 -0.033500 -0.006125 -0.000695 -0.033500 -0.006023 -0.000303 -0.033500 -0.006003 0.000101 -0.033500 -0.006064 0.000501 -0.033500 -0.006204 0.000881 -0.033500 -0.006418 0.001224 -0.033500 -0.006697 0.001518 -0.033500 -0.007029 0.001749 -0.033500 -0.007401 0.001908 -0.033500 -0.007798 0.001990 -0.033500 -0.008202 0.001990 -0.033500 -0.008599 0.001908 -0.033500 -0.008971 0.001749 -0.033500 -0.009303 0.001518 -0.033500 -0.009582 0.001224 -0.033500 -0.009796 0.000881 -0.033500 -0.009936 0.000501 -0.033500 -0.009997 0.000101 -0.033500 -0.009977 -0.000303 -0.033500 -0.009876 -0.000695 -0.033500 -0.009697 -0.001058 -0.033500 -0.009450 -0.001378 -0.033500 -0.009143 -0.001642 -0.033500 -0.008789 -0.001838 -0.033500 -0.008403 -0.001959 -0.033500 -0.008000 -0.002500 -0.034000 -0.008446 -0.002460 -0.034000 -0.008878 -0.002341 -0.034000 -0.009282 -0.002146 -0.034000 -0.009645 -0.001883 -0.034000 -0.009955 -0.001559 -0.034000 -0.010201 -0.001185 -0.034000 -0.010378 -0.000773 -0.034000 -0.010477 -0.000336 -0.034000 -0.010497 0.000112 -0.034000 -0.010437 0.000556 -0.034000 -0.010299 0.000983 -0.034000 -0.010086 0.001377 -0.034000 -0.009807 0.001728 -0.034000 -0.009469 0.002023 -0.034000 -0.009085 0.002252 -0.034000 -0.008665 0.002410 -0.034000 -0.008224 0.002490 -0.034000 -0.007776 0.002490 -0.034000 -0.007335 0.002410 -0.034000 -0.006915 0.002252 -0.034000 -0.006531 0.002023 -0.034000 -0.006193 0.001728 -0.034000 -0.005914 0.001377 -0.034000 -0.005701 0.000983 -0.034000 -0.005563 0.000556 -0.034000 -0.005503 0.000112 -0.034000 -0.005523 -0.000336 -0.034000 -0.005622 -0.000773 -0.034000 -0.005799 -0.001185 -0.034000 -0.006045 -0.001559 -0.034000 -0.006355 -0.001883 -0.034000 -0.006718 -0.002146 -0.034000 -0.007122 -0.002341 -0.034000 -0.007554 -0.002460 -0.034000 -0.000000 -0.010500 -0.034000 0.000446 -0.010460 -0.034000 0.000878 -0.010341 -0.034000 0.001282 -0.010146 -0.034000 0.001645 -0.009883 -0.034000 0.001955 -0.009559 -0.034000 0.002201 -0.009185 -0.034000 0.002378 -0.008773 -0.034000 0.002477 -0.008336 -0.034000 0.002497 -0.007888 -0.034000 0.002437 -0.007444 -0.034000 0.002299 -0.007017 -0.034000 0.002086 -0.006623 -0.034000 0.001807 -0.006272 -0.034000 0.001469 -0.005977 -0.034000 0.001085 -0.005748 -0.034000 0.000665 -0.005590 -0.034000 0.000224 -0.005510 -0.034000 -0.000224 -0.005510 -0.034000 -0.000665 -0.005590 -0.034000 -0.001085 -0.005748 -0.034000 -0.001469 -0.005977 -0.034000 -0.001807 -0.006272 -0.034000 -0.002086 -0.006623 -0.034000 -0.002299 -0.007017 -0.034000 -0.002437 -0.007444 -0.034000 -0.002497 -0.007888 -0.034000 -0.002477 -0.008336 -0.034000 -0.002378 -0.008773 -0.034000 -0.002201 -0.009185 -0.034000 -0.001955 -0.009559 -0.034000 -0.001645 -0.009883 -0.034000 -0.001282 -0.010146 -0.034000 -0.000878 -0.010341 -0.034000 -0.000446 -0.010460 -0.034000 -0.000000 0.005500 -0.034000 0.000446 0.005540 -0.034000 0.000878 0.005659 -0.034000 0.001282 0.005854 -0.034000 0.001645 0.006117 -0.034000 0.001955 0.006441 -0.034000 0.002201 0.006815 -0.034000 0.002378 0.007227 -0.034000 0.002477 0.007664 -0.034000 0.002497 0.008112 -0.034000 0.002437 0.008556 -0.034000 0.002299 0.008983 -0.034000 0.002086 0.009377 -0.034000 0.001807 0.009728 -0.034000 0.001469 0.010023 -0.034000 0.001085 0.010252 -0.034000 0.000665 0.010410 -0.034000 0.000224 0.010490 -0.034000 -0.000224 0.010490 -0.034000 -0.000665 0.010410 -0.034000 -0.001085 0.010252 -0.034000 -0.001469 0.010023 -0.034000 -0.001807 0.009728 -0.034000 -0.002086 0.009377 -0.034000 -0.002299 0.008983 -0.034000 -0.002437 0.008556 -0.034000 -0.002497 0.008112 -0.034000 -0.002477 0.007664 -0.034000 -0.002378 0.007227 -0.034000 -0.002201 0.006815 -0.034000 -0.001955 0.006441 -0.034000 -0.001645 0.006117 -0.034000 -0.001282 0.005854 -0.034000 -0.000878 0.005659 -0.034000 -0.000446 0.005540 -0.034000 -0.000000 -0.003500 -0.034000 0.000534 -0.003459 -0.034000 0.001056 -0.003337 -0.034000 0.001553 -0.003137 -0.034000 0.002014 -0.002863 -0.034000 0.002427 -0.002522 -0.034000 0.002784 -0.002122 -0.034000 0.003075 -0.001672 -0.034000 0.003294 -0.001183 -0.034000 0.003436 -0.000666 -0.034000 0.003497 -0.000134 -0.034000 0.003477 0.000401 -0.034000 0.003375 0.000927 -0.034000 0.003194 0.001432 -0.034000 0.002938 0.001902 -0.034000 0.002613 0.002329 -0.034000 0.002227 0.002700 -0.034000 0.001789 0.003008 -0.034000 0.001308 0.003246 -0.034000 0.000797 0.003408 -0.034000 0.000268 0.003490 -0.034000 -0.000268 0.003490 -0.034000 -0.000797 0.003408 -0.034000 -0.001308 0.003246 -0.034000 -0.001789 0.003008 -0.034000 -0.002227 0.002700 -0.034000 -0.002613 0.002329 -0.034000 -0.002938 0.001902 -0.034000 -0.003194 0.001432 -0.034000 -0.003375 0.000927 -0.034000 -0.003477 0.000401 -0.034000 -0.003497 -0.000134 -0.034000 -0.003436 -0.000666 -0.034000 -0.003294 -0.001183 -0.034000 -0.003075 -0.001672 -0.034000 -0.002784 -0.002122 -0.034000 -0.002427 -0.002522 -0.034000 -0.002014 -0.002863 -0.034000 -0.001553 -0.003137 -0.034000 -0.001056 -0.003337 -0.034000 -0.000534 -0.003459 -0.034000 -0.000000 -0.014950 -0.034000 -0.001117 -0.014908 -0.034000 -0.002228 -0.014783 -0.034000 -0.003327 -0.014575 -0.034000 -0.004407 -0.014286 -0.034000 -0.005462 -0.013917 -0.034000 -0.006487 -0.013469 -0.034000 -0.007475 -0.012947 -0.034000 -0.008422 -0.012352 -0.034000 -0.009321 -0.011688 -0.034000 -0.010169 -0.010959 -0.034000 -0.010959 -0.010169 -0.034000 -0.011688 -0.009321 -0.034000 -0.012352 -0.008422 -0.034000 -0.012947 -0.007475 -0.034000 -0.013469 -0.006487 -0.034000 -0.013917 -0.005462 -0.034000 -0.014286 -0.004407 -0.034000 -0.014575 -0.003327 -0.034000 -0.014783 -0.002228 -0.034000 -0.014908 -0.001117 -0.034000 -0.014950 0.000000 -0.034000 -0.014908 0.001117 -0.034000 -0.014783 0.002228 -0.034000 -0.014575 0.003327 -0.034000 -0.014286 0.004407 -0.034000 -0.013917 0.005462 -0.034000 -0.013469 0.006487 -0.034000 -0.012947 0.007475 -0.034000 -0.012352 0.008422 -0.034000 -0.011688 0.009321 -0.034000 -0.010959 0.010169 -0.034000 -0.010169 0.010959 -0.034000 -0.009321 0.011688 -0.034000 -0.008422 0.012352 -0.034000 -0.007475 0.012947 -0.034000 -0.006487 0.013469 -0.034000 -0.005462 0.013917 -0.034000 -0.004407 0.014286 -0.034000 -0.003327 0.014575 -0.034000 -0.002228 0.014783 -0.034000 -0.001117 0.014908 -0.034000 -0.000000 0.014950 -0.034000 0.001117 0.014908 -0.034000 0.002228 0.014783 -0.034000 0.003327 0.014575 -0.034000 0.004407 0.014286 -0.034000 0.005462 0.013917 -0.034000 0.006487 0.013469 -0.034000 0.007475 0.012947 -0.034000 0.008422 0.012352 -0.034000 0.009321 0.011688 -0.034000 0.010169 0.010959 -0.034000 0.010959 0.010169 -0.034000 0.011688 0.009321 -0.034000 0.012352 0.008422 -0.034000 0.012947 0.007475 -0.034000 0.013469 0.006487 -0.034000 0.013917 0.005462 -0.034000 0.014286 0.004407 -0.034000 0.014575 0.003327 -0.034000 0.014783 0.002228 -0.034000 0.014908 0.001117 -0.034000 0.014950 0.000000 -0.034000 0.014908 -0.001117 -0.034000 0.014783 -0.002228 -0.034000 0.014575 -0.003327 -0.034000 0.014286 -0.004407 -0.034000 0.013917 -0.005462 -0.034000 0.013469 -0.006487 -0.034000 0.012947 -0.007475 -0.034000 0.012352 -0.008422 -0.034000 0.011688 -0.009321 -0.034000 0.010959 -0.010169 -0.034000 0.010169 -0.010959 -0.034000 0.009321 -0.011688 -0.034000 0.008422 -0.012352 -0.034000 0.007475 -0.012947 -0.034000 0.006487 -0.013469 -0.034000 0.005462 -0.013917 -0.034000 0.004407 -0.014286 -0.034000 0.003327 -0.014575 -0.034000 0.002228 -0.014783 -0.034000 0.001117 -0.014908 -0.034000 0.008000 -0.002500 -0.034000 0.008446 -0.002460 -0.034000 0.008878 -0.002341 -0.034000 0.009282 -0.002146 -0.034000 0.009645 -0.001883 -0.034000 0.009955 -0.001559 -0.034000 0.010201 -0.001185 -0.034000 0.010378 -0.000773 -0.034000 0.010477 -0.000336 -0.034000 0.010497 0.000112 -0.034000 0.010437 0.000556 -0.034000 0.010299 0.000983 -0.034000 0.010086 0.001377 -0.034000 0.009807 0.001728 -0.034000 0.009469 0.002023 -0.034000 0.009085 0.002252 -0.034000 0.008665 0.002410 -0.034000 0.008224 0.002490 -0.034000 0.007776 0.002490 -0.034000 0.007335 0.002410 -0.034000 0.006915 0.002252 -0.034000 0.006531 0.002023 -0.034000 0.006193 0.001728 -0.034000 0.005914 0.001377 -0.034000 0.005701 0.000983 -0.034000 0.005563 0.000556 -0.034000 0.005503 0.000112 -0.034000 0.005523 -0.000336 -0.034000 0.005622 -0.000773 -0.034000 0.005799 -0.001185 -0.034000 0.006045 -0.001559 -0.034000 0.006355 -0.001883 -0.034000 0.006718 -0.002146 -0.034000 0.007122 -0.002341 -0.034000 0.007554 -0.002460 -0.034000 -0.008000 -0.002000 -0.026000 -0.007597 -0.001959 -0.026000 -0.007211 -0.001838 -0.026000 -0.006857 -0.001642 -0.026000 -0.006550 -0.001378 -0.026000 -0.006303 -0.001058 -0.026000 -0.006125 -0.000695 -0.026000 -0.006023 -0.000303 -0.026000 -0.006003 0.000101 -0.026000 -0.006064 0.000501 -0.026000 -0.006204 0.000881 -0.026000 -0.006418 0.001224 -0.026000 -0.006697 0.001518 -0.026000 -0.007029 0.001749 -0.026000 -0.007401 0.001908 -0.026000 -0.007798 0.001990 -0.026000 -0.008202 0.001990 -0.026000 -0.008599 0.001908 -0.026000 -0.008971 0.001749 -0.026000 -0.009303 0.001518 -0.026000 -0.009582 0.001224 -0.026000 -0.009796 0.000881 -0.026000 -0.009936 0.000501 -0.026000 -0.009997 0.000101 -0.026000 -0.009977 -0.000303 -0.026000 -0.009876 -0.000695 -0.026000 -0.009697 -0.001058 -0.026000 -0.009450 -0.001378 -0.026000 -0.009143 -0.001642 -0.026000 -0.008789 -0.001838 -0.026000 -0.008403 -0.001959 -0.026000 -0.000000 -0.010000 -0.033500 0.000403 -0.009959 -0.033500 0.000789 -0.009838 -0.033500 0.001143 -0.009642 -0.033500 0.001450 -0.009378 -0.033500 0.001697 -0.009058 -0.033500 0.001875 -0.008695 -0.033500 0.001977 -0.008303 -0.033500 0.001997 -0.007899 -0.033500 0.001936 -0.007499 -0.033500 0.001796 -0.007119 -0.033500 0.001582 -0.006776 -0.033500 0.001303 -0.006482 -0.033500 0.000971 -0.006251 -0.033500 0.000599 -0.006092 -0.033500 0.000202 -0.006010 -0.033500 -0.000202 -0.006010 -0.033500 -0.000599 -0.006092 -0.033500 -0.000971 -0.006251 -0.033500 -0.001303 -0.006482 -0.033500 -0.001582 -0.006776 -0.033500 -0.001796 -0.007119 -0.033500 -0.001936 -0.007499 -0.033500 -0.001997 -0.007899 -0.033500 -0.001977 -0.008303 -0.033500 -0.001875 -0.008695 -0.033500 -0.001697 -0.009058 -0.033500 -0.001450 -0.009378 -0.033500 -0.001143 -0.009642 -0.033500 -0.000789 -0.009838 -0.033500 -0.000403 -0.009959 -0.033500 -0.000000 -0.010000 -0.026000 0.000403 -0.009959 -0.026000 0.000789 -0.009838 -0.026000 0.001143 -0.009642 -0.026000 0.001450 -0.009378 -0.026000 0.001697 -0.009058 -0.026000 0.001875 -0.008695 -0.026000 0.001977 -0.008303 -0.026000 0.001997 -0.007899 -0.026000 0.001936 -0.007499 -0.026000 0.001796 -0.007119 -0.026000 0.001582 -0.006776 -0.026000 0.001303 -0.006482 -0.026000 0.000971 -0.006251 -0.026000 0.000599 -0.006092 -0.026000 0.000202 -0.006010 -0.026000 -0.000202 -0.006010 -0.026000 -0.000599 -0.006092 -0.026000 -0.000971 -0.006251 -0.026000 -0.001303 -0.006482 -0.026000 -0.001582 -0.006776 -0.026000 -0.001796 -0.007119 -0.026000 -0.001936 -0.007499 -0.026000 -0.001997 -0.007899 -0.026000 -0.001977 -0.008303 -0.026000 -0.001875 -0.008695 -0.026000 -0.001697 -0.009058 -0.026000 -0.001450 -0.009378 -0.026000 -0.001143 -0.009642 -0.026000 -0.000789 -0.009838 -0.026000 -0.000403 -0.009959 -0.026000 0.008000 -0.002000 -0.033500 0.008403 -0.001959 -0.033500 0.008789 -0.001838 -0.033500 0.009143 -0.001642 -0.033500 0.009450 -0.001378 -0.033500 0.009697 -0.001058 -0.033500 0.009876 -0.000695 -0.033500 0.009977 -0.000303 -0.033500 0.009997 0.000101 -0.033500 0.009936 0.000501 -0.033500 0.009796 0.000881 -0.033500 0.009582 0.001224 -0.033500 0.009303 0.001518 -0.033500 0.008971 0.001749 -0.033500 0.008599 0.001908 -0.033500 0.008202 0.001990 -0.033500 0.007798 0.001990 -0.033500 0.007401 0.001908 -0.033500 0.007029 0.001749 -0.033500 0.006697 0.001518 -0.033500 0.006418 0.001224 -0.033500 0.006204 0.000881 -0.033500 0.006064 0.000501 -0.033500 0.006003 0.000101 -0.033500 0.006023 -0.000303 -0.033500 0.006125 -0.000695 -0.033500 0.006303 -0.001058 -0.033500 0.006550 -0.001378 -0.033500 0.006857 -0.001642 -0.033500 0.007211 -0.001838 -0.033500 0.007597 -0.001959 -0.033500 0.008000 -0.002000 -0.026000 0.008403 -0.001959 -0.026000 0.008789 -0.001838 -0.026000 0.009143 -0.001642 -0.026000 0.009450 -0.001378 -0.026000 0.009697 -0.001058 -0.026000 0.009876 -0.000695 -0.026000 0.009977 -0.000303 -0.026000 0.009997 0.000101 -0.026000 0.009936 0.000501 -0.026000 0.009796 0.000881 -0.026000 0.009582 0.001224 -0.026000 0.009303 0.001518 -0.026000 0.008971 0.001749 -0.026000 0.008599 0.001908 -0.026000 0.008202 0.001990 -0.026000 0.007798 0.001990 -0.026000 0.007401 0.001908 -0.026000 0.007029 0.001749 -0.026000 0.006697 0.001518 -0.026000 0.006418 0.001224 -0.026000 0.006204 0.000881 -0.026000 0.006064 0.000501 -0.026000 0.006003 0.000101 -0.026000 0.006023 -0.000303 -0.026000 0.006125 -0.000695 -0.026000 0.006303 -0.001058 -0.026000 0.006550 -0.001378 -0.026000 0.006857 -0.001642 -0.026000 0.007211 -0.001838 -0.026000 0.007597 -0.001959 -0.026000 -0.000000 0.006000 -0.033500 0.000403 0.006041 -0.033500 0.000789 0.006162 -0.033500 0.001143 0.006358 -0.033500 0.001450 0.006622 -0.033500 0.001697 0.006942 -0.033500 0.001875 0.007305 -0.033500 0.001977 0.007697 -0.033500 0.001997 0.008101 -0.033500 0.001936 0.008501 -0.033500 0.001796 0.008881 -0.033500 0.001582 0.009224 -0.033500 0.001303 0.009518 -0.033500 0.000971 0.009749 -0.033500 0.000599 0.009908 -0.033500 0.000202 0.009990 -0.033500 -0.000202 0.009990 -0.033500 -0.000599 0.009908 -0.033500 -0.000971 0.009749 -0.033500 -0.001303 0.009518 -0.033500 -0.001582 0.009224 -0.033500 -0.001796 0.008881 -0.033500 -0.001936 0.008501 -0.033500 -0.001997 0.008101 -0.033500 -0.001977 0.007697 -0.033500 -0.001875 0.007305 -0.033500 -0.001697 0.006942 -0.033500 -0.001450 0.006622 -0.033500 -0.001143 0.006358 -0.033500 -0.000789 0.006162 -0.033500 -0.000403 0.006041 -0.033500 -0.000000 0.006000 -0.026000 0.000403 0.006041 -0.026000 0.000789 0.006162 -0.026000 0.001143 0.006358 -0.026000 0.001450 0.006622 -0.026000 0.001697 0.006942 -0.026000 0.001875 0.007305 -0.026000 0.001977 0.007697 -0.026000 0.001997 0.008101 -0.026000 0.001936 0.008501 -0.026000 0.001796 0.008881 -0.026000 0.001582 0.009224 -0.026000 0.001303 0.009518 -0.026000 0.000971 0.009749 -0.026000 0.000599 0.009908 -0.026000 0.000202 0.009990 -0.026000 -0.000202 0.009990 -0.026000 -0.000599 0.009908 -0.026000 -0.000971 0.009749 -0.026000 -0.001303 0.009518 -0.026000 -0.001582 0.009224 -0.026000 -0.001796 0.008881 -0.026000 -0.001936 0.008501 -0.026000 -0.001997 0.008101 -0.026000 -0.001977 0.007697 -0.026000 -0.001875 0.007305 -0.026000 -0.001697 0.006942 -0.026000 -0.001450 0.006622 -0.026000 -0.001143 0.006358 -0.026000 -0.000789 0.006162 -0.026000 -0.000403 0.006041 -0.026000 -0.000000 -0.003500 -0.029000 0.000534 -0.003459 -0.029000 0.001056 -0.003337 -0.029000 0.001553 -0.003137 -0.029000 0.002014 -0.002863 -0.029000 0.002427 -0.002522 -0.029000 0.002784 -0.002122 -0.029000 0.003075 -0.001672 -0.029000 0.003294 -0.001183 -0.029000 0.003436 -0.000666 -0.029000 0.003497 -0.000134 -0.029000 0.003477 0.000401 -0.029000 0.003375 0.000927 -0.029000 0.003194 0.001432 -0.029000 0.002938 0.001902 -0.029000 0.002613 0.002329 -0.029000 0.002227 0.002700 -0.029000 0.001789 0.003008 -0.029000 0.001308 0.003246 -0.029000 0.000797 0.003408 -0.029000 0.000268 0.003490 -0.029000 -0.000268 0.003490 -0.029000 -0.000797 0.003408 -0.029000 -0.001308 0.003246 -0.029000 -0.001789 0.003008 -0.029000 -0.002227 0.002700 -0.029000 -0.002613 0.002329 -0.029000 -0.002938 0.001902 -0.029000 -0.003194 0.001432 -0.029000 -0.003375 0.000927 -0.029000 -0.003477 0.000401 -0.029000 -0.003497 -0.000134 -0.029000 -0.003436 -0.000666 -0.029000 -0.003294 -0.001183 -0.029000 -0.003075 -0.001672 -0.029000 -0.002784 -0.002122 -0.029000 -0.002427 -0.002522 -0.029000 -0.002014 -0.002863 -0.029000 -0.001553 -0.003137 -0.029000 -0.001056 -0.003337 -0.029000 -0.000534 -0.003459 -0.029000 -0.000000 0.014850 -0.000500 0.000482 0.014809 -0.000500 0.000949 0.014687 -0.000500 0.001390 0.014488 -0.000500 0.001790 0.014217 -0.000500 0.002139 0.013883 -0.000500 0.002427 0.013494 -0.000500 0.002644 0.013063 -0.000500 0.002786 0.012600 -0.000500 0.002847 0.012121 -0.000500 0.002827 0.011638 -0.000500 0.002725 0.011165 -0.000500 0.002545 0.010717 -0.000500 0.002291 0.010305 -0.000500 0.001972 0.009942 -0.000500 0.001596 0.009639 -0.000500 0.001174 0.009403 -0.000500 0.000718 0.009242 -0.000500 0.000242 0.009160 -0.000500 -0.000242 0.009160 -0.000500 -0.000718 0.009242 -0.000500 -0.001174 0.009403 -0.000500 -0.001596 0.009639 -0.000500 -0.001972 0.009942 -0.000500 -0.002291 0.010305 -0.000500 -0.002545 0.010717 -0.000500 -0.002725 0.011165 -0.000500 -0.002827 0.011638 -0.000500 -0.002847 0.012121 -0.000500 -0.002786 0.012600 -0.000500 -0.002644 0.013063 -0.000500 -0.002427 0.013494 -0.000500 -0.002139 0.013883 -0.000500 -0.001790 0.014217 -0.000500 -0.001390 0.014488 -0.000500 -0.000949 0.014687 -0.000500 -0.000482 0.014809 -0.000500 -0.000000 0.015350 0.000000 -0.000524 0.015309 0.000000 -0.001035 0.015186 0.000000 -0.001521 0.014985 0.000000 -0.001969 0.014710 0.000000 -0.002369 0.014369 0.000000 -0.002710 0.013969 0.000000 -0.002985 0.013521 0.000000 -0.003186 0.013035 0.000000 -0.003309 0.012524 0.000000 -0.003350 0.012000 0.000000 -0.003309 0.011476 0.000000 -0.003186 0.010965 0.000000 -0.002985 0.010479 0.000000 -0.002710 0.010031 0.000000 -0.002369 0.009631 0.000000 -0.001969 0.009290 0.000000 -0.001521 0.009015 0.000000 -0.001035 0.008814 0.000000 -0.000524 0.008691 0.000000 -0.000000 0.008650 0.000000 0.000524 0.008691 0.000000 0.001035 0.008814 0.000000 0.001521 0.009015 0.000000 0.001969 0.009290 0.000000 0.002369 0.009631 0.000000 0.002710 0.010031 0.000000 0.002985 0.010479 0.000000 0.003186 0.010965 0.000000 0.003309 0.011476 0.000000 0.003350 0.012000 0.000000 0.003309 0.012524 0.000000 0.003186 0.013035 0.000000 0.002985 0.013521 0.000000 0.002710 0.013969 0.000000 0.002369 0.014369 0.000000 0.001969 0.014710 0.000000 0.001521 0.014985 0.000000 0.001035 0.015186 0.000000 0.000524 0.015309 0.000000 0.010392 0.009350 0.000000 0.010916 0.009309 0.000000 0.011428 0.009186 0.000000 0.011913 0.008985 0.000000 0.012361 0.008710 0.000000 0.012761 0.008369 0.000000 0.013103 0.007969 0.000000 0.013377 0.007521 0.000000 0.013578 0.007035 0.000000 0.013701 0.006524 0.000000 0.013742 0.006000 0.000000 0.013701 0.005476 0.000000 0.013578 0.004965 0.000000 0.013377 0.004479 0.000000 0.013103 0.004031 0.000000 0.012761 0.003631 0.000000 0.012361 0.003290 0.000000 0.011913 0.003015 0.000000 0.011428 0.002814 0.000000 0.010916 0.002691 0.000000 0.010392 0.002650 0.000000 0.009868 0.002691 0.000000 0.009357 0.002814 0.000000 0.008871 0.003015 0.000000 0.008423 0.003290 0.000000 0.008023 0.003631 0.000000 0.007682 0.004031 0.000000 0.007407 0.004479 0.000000 0.007206 0.004965 0.000000 0.007084 0.005476 0.000000 0.007042 0.006000 0.000000 0.007084 0.006524 0.000000 0.007206 0.007035 0.000000 0.007407 0.007521 0.000000 0.007682 0.007969 0.000000 0.008023 0.008369 0.000000 0.008423 0.008710 0.000000 0.008871 0.008985 0.000000 0.009357 0.009186 0.000000 0.009868 0.009309 0.000000 -0.000000 -0.008650 0.000000 0.000524 -0.008691 0.000000 0.001035 -0.008814 0.000000 0.001521 -0.009015 0.000000 0.001969 -0.009290 0.000000 0.002369 -0.009631 0.000000 0.002710 -0.010031 0.000000 0.002985 -0.010479 0.000000 0.003186 -0.010965 0.000000 0.003309 -0.011476 0.000000 0.003350 -0.012000 0.000000 0.003309 -0.012524 0.000000 0.003186 -0.013035 0.000000 0.002985 -0.013521 0.000000 0.002710 -0.013969 0.000000 0.002369 -0.014369 0.000000 0.001969 -0.014710 0.000000 0.001521 -0.014985 0.000000 0.001035 -0.015186 0.000000 0.000524 -0.015309 0.000000 -0.000000 -0.015350 0.000000 -0.000524 -0.015309 0.000000 -0.001035 -0.015186 0.000000 -0.001521 -0.014985 0.000000 -0.001969 -0.014710 0.000000 -0.002369 -0.014369 0.000000 -0.002710 -0.013969 0.000000 -0.002985 -0.013521 0.000000 -0.003186 -0.013035 0.000000 -0.003309 -0.012524 0.000000 -0.003350 -0.012000 0.000000 -0.003309 -0.011476 0.000000 -0.003186 -0.010965 0.000000 -0.002985 -0.010479 0.000000 -0.002710 -0.010031 0.000000 -0.002369 -0.009631 0.000000 -0.001969 -0.009290 0.000000 -0.001521 -0.009015 0.000000 -0.001035 -0.008814 0.000000 -0.000524 -0.008691 0.000000 -0.010392 0.009350 0.000000 -0.009868 0.009309 0.000000 -0.009357 0.009186 0.000000 -0.008871 0.008985 0.000000 -0.008423 0.008710 0.000000 -0.008023 0.008369 0.000000 -0.007682 0.007969 0.000000 -0.007407 0.007521 0.000000 -0.007206 0.007035 0.000000 -0.007084 0.006524 0.000000 -0.007042 0.006000 0.000000 -0.007084 0.005476 0.000000 -0.007206 0.004965 0.000000 -0.007407 0.004479 0.000000 -0.007682 0.004031 0.000000 -0.008023 0.003631 0.000000 -0.008423 0.003290 0.000000 -0.008871 0.003015 0.000000 -0.009357 0.002814 0.000000 -0.009868 0.002691 0.000000 -0.010392 0.002650 0.000000 -0.010916 0.002691 0.000000 -0.011428 0.002814 0.000000 -0.011913 0.003015 0.000000 -0.012361 0.003290 0.000000 -0.012761 0.003631 0.000000 -0.013103 0.004031 0.000000 -0.013377 0.004479 0.000000 -0.013578 0.004965 0.000000 -0.013701 0.005476 0.000000 -0.013742 0.006000 0.000000 -0.013701 0.006524 0.000000 -0.013578 0.007035 0.000000 -0.013377 0.007521 0.000000 -0.013103 0.007969 0.000000 -0.012761 0.008369 0.000000 -0.012361 0.008710 0.000000 -0.011913 0.008985 0.000000 -0.011428 0.009186 0.000000 -0.010916 0.009309 0.000000 -0.000000 0.020000 0.000000 -0.001281 0.019959 0.000000 -0.002558 0.019836 0.000000 -0.003823 0.019631 0.000000 -0.005073 0.019346 0.000000 -0.006302 0.018981 0.000000 -0.007505 0.018538 0.000000 -0.008678 0.018019 0.000000 -0.009814 0.017426 0.000000 -0.010911 0.016762 0.000000 -0.011962 0.016028 0.000000 -0.012965 0.015229 0.000000 -0.013914 0.014367 0.000000 -0.014806 0.013446 0.000000 -0.015637 0.012470 0.000000 -0.016403 0.011442 0.000000 -0.017103 0.010368 0.000000 -0.017732 0.009251 0.000000 -0.018288 0.008096 0.000000 -0.018769 0.006907 0.000000 -0.019173 0.005691 0.000000 -0.019499 0.004450 0.000000 -0.019744 0.003192 0.000000 -0.019908 0.001920 0.000000 -0.019990 0.000641 0.000000 -0.019990 -0.000641 0.000000 -0.019908 -0.001920 0.000000 -0.019744 -0.003192 0.000000 -0.019499 -0.004450 0.000000 -0.019173 -0.005691 0.000000 -0.018769 -0.006907 0.000000 -0.018288 -0.008096 0.000000 -0.017732 -0.009251 0.000000 -0.017103 -0.010368 0.000000 -0.016403 -0.011442 0.000000 -0.015637 -0.012470 0.000000 -0.014806 -0.013446 0.000000 -0.013914 -0.014367 0.000000 -0.012965 -0.015229 0.000000 -0.011962 -0.016028 0.000000 -0.010911 -0.016762 0.000000 -0.009814 -0.017426 0.000000 -0.008678 -0.018019 0.000000 -0.007505 -0.018538 0.000000 -0.006302 -0.018981 0.000000 -0.005073 -0.019346 0.000000 -0.003823 -0.019631 0.000000 -0.002558 -0.019836 0.000000 -0.001281 -0.019959 0.000000 -0.000000 -0.020000 0.000000 0.001281 -0.019959 0.000000 0.002558 -0.019836 0.000000 0.003823 -0.019631 0.000000 0.005073 -0.019346 0.000000 0.006302 -0.018981 0.000000 0.007505 -0.018538 0.000000 0.008678 -0.018019 0.000000 0.009814 -0.017426 0.000000 0.010911 -0.016762 0.000000 0.011962 -0.016028 0.000000 0.012965 -0.015229 0.000000 0.013914 -0.014367 0.000000 0.014806 -0.013446 0.000000 0.015637 -0.012470 0.000000 0.016403 -0.011442 0.000000 0.017103 -0.010368 0.000000 0.017732 -0.009251 0.000000 0.018288 -0.008096 0.000000 0.018769 -0.006907 0.000000 0.019173 -0.005691 0.000000 0.019499 -0.004450 0.000000 0.019744 -0.003192 0.000000 0.019908 -0.001920 0.000000 0.019990 -0.000641 0.000000 0.019990 0.000641 0.000000 0.019908 0.001920 0.000000 0.019744 0.003192 0.000000 0.019499 0.004450 0.000000 0.019173 0.005691 0.000000 0.018769 0.006907 0.000000 0.018288 0.008096 0.000000 0.017732 0.009251 0.000000 0.017103 0.010368 0.000000 0.016403 0.011442 0.000000 0.015637 0.012470 0.000000 0.014806 0.013446 0.000000 0.013914 0.014367 0.000000 0.012965 0.015229 0.000000 0.011962 0.016028 0.000000 0.010911 0.016762 0.000000 0.009814 0.017426 0.000000 0.008678 0.018019 0.000000 0.007505 0.018538 0.000000 0.006302 0.018981 0.000000 0.005073 0.019346 0.000000 0.003823 0.019631 0.000000 0.002558 0.019836 0.000000 0.001281 0.019959 0.000000 -0.010392 -0.002650 0.000000 -0.009868 -0.002691 0.000000 -0.009357 -0.002814 0.000000 -0.008871 -0.003015 0.000000 -0.008423 -0.003290 0.000000 -0.008023 -0.003631 0.000000 -0.007682 -0.004031 0.000000 -0.007407 -0.004479 0.000000 -0.007206 -0.004965 0.000000 -0.007084 -0.005476 0.000000 -0.007042 -0.006000 0.000000 -0.007084 -0.006524 0.000000 -0.007206 -0.007035 0.000000 -0.007407 -0.007521 0.000000 -0.007682 -0.007969 0.000000 -0.008023 -0.008369 0.000000 -0.008423 -0.008710 0.000000 -0.008871 -0.008985 0.000000 -0.009357 -0.009186 0.000000 -0.009868 -0.009309 0.000000 -0.010392 -0.009350 0.000000 -0.010916 -0.009309 0.000000 -0.011428 -0.009186 0.000000 -0.011913 -0.008985 0.000000 -0.012361 -0.008710 0.000000 -0.012761 -0.008369 0.000000 -0.013103 -0.007969 0.000000 -0.013377 -0.007521 0.000000 -0.013578 -0.007035 0.000000 -0.013701 -0.006524 0.000000 -0.013742 -0.006000 0.000000 -0.013701 -0.005476 0.000000 -0.013578 -0.004965 0.000000 -0.013377 -0.004479 0.000000 -0.013103 -0.004031 0.000000 -0.012761 -0.003631 0.000000 -0.012361 -0.003290 0.000000 -0.011913 -0.003015 0.000000 -0.011428 -0.002814 0.000000 -0.010916 -0.002691 0.000000 0.010392 -0.002650 0.000000 0.010916 -0.002691 0.000000 0.011428 -0.002814 0.000000 0.011913 -0.003015 0.000000 0.012361 -0.003290 0.000000 0.012761 -0.003631 0.000000 0.013103 -0.004031 0.000000 0.013377 -0.004479 0.000000 0.013578 -0.004965 0.000000 0.013701 -0.005476 0.000000 0.013742 -0.006000 0.000000 0.013701 -0.006524 0.000000 0.013578 -0.007035 0.000000 0.013377 -0.007521 0.000000 0.013103 -0.007969 0.000000 0.012761 -0.008369 0.000000 0.012361 -0.008710 0.000000 0.011913 -0.008985 0.000000 0.011428 -0.009186 0.000000 0.010916 -0.009309 0.000000 0.010392 -0.009350 0.000000 0.009868 -0.009309 0.000000 0.009357 -0.009186 0.000000 0.008871 -0.008985 0.000000 0.008423 -0.008710 0.000000 0.008023 -0.008369 0.000000 0.007682 -0.007969 0.000000 0.007407 -0.007521 0.000000 0.007206 -0.007035 0.000000 0.007084 -0.006524 0.000000 0.007042 -0.006000 0.000000 0.007084 -0.005476 0.000000 0.007206 -0.004965 0.000000 0.007407 -0.004479 0.000000 0.007682 -0.004031 0.000000 0.008023 -0.003631 0.000000 0.008423 -0.003290 0.000000 0.008871 -0.003015 0.000000 0.009357 -0.002814 0.000000 0.009868 -0.002691 0.000000 -0.000000 0.014850 -0.009000 0.000482 0.014809 -0.009000 0.000949 0.014687 -0.009000 0.001390 0.014488 -0.009000 0.001790 0.014217 -0.009000 0.002139 0.013883 -0.009000 0.002427 0.013494 -0.009000 0.002644 0.013063 -0.009000 0.002786 0.012600 -0.009000 0.002847 0.012121 -0.009000 0.002827 0.011638 -0.009000 0.002725 0.011165 -0.009000 0.002545 0.010717 -0.009000 0.002291 0.010305 -0.009000 0.001972 0.009942 -0.009000 0.001596 0.009639 -0.009000 0.001174 0.009403 -0.009000 0.000718 0.009242 -0.009000 0.000242 0.009160 -0.009000 -0.000242 0.009160 -0.009000 -0.000718 0.009242 -0.009000 -0.001174 0.009403 -0.009000 -0.001596 0.009639 -0.009000 -0.001972 0.009942 -0.009000 -0.002291 0.010305 -0.009000 -0.002545 0.010717 -0.009000 -0.002725 0.011165 -0.009000 -0.002827 0.011638 -0.009000 -0.002847 0.012121 -0.009000 -0.002786 0.012600 -0.009000 -0.002644 0.013063 -0.009000 -0.002427 0.013494 -0.009000 -0.002139 0.013883 -0.009000 -0.001790 0.014217 -0.009000 -0.001390 0.014488 -0.009000 -0.000949 0.014687 -0.009000 -0.000482 0.014809 -0.009000 0.010392 0.008850 -0.000500 0.010874 0.008809 -0.000500 0.011342 0.008687 -0.000500 0.011782 0.008488 -0.000500 0.012183 0.008217 -0.000500 0.012532 0.007883 -0.000500 0.012819 0.007494 -0.000500 0.013037 0.007063 -0.000500 0.013178 0.006600 -0.000500 0.013240 0.006121 -0.000500 0.013219 0.005638 -0.000500 0.013117 0.005165 -0.000500 0.012937 0.004717 -0.000500 0.012684 0.004305 -0.000500 0.012364 0.003942 -0.000500 0.011988 0.003639 -0.000500 0.011566 0.003403 -0.000500 0.011110 0.003242 -0.000500 0.010634 0.003160 -0.000500 0.010151 0.003160 -0.000500 0.009674 0.003242 -0.000500 0.009218 0.003403 -0.000500 0.008796 0.003639 -0.000500 0.008420 0.003942 -0.000500 0.008101 0.004305 -0.000500 0.007847 0.004717 -0.000500 0.007667 0.005165 -0.000500 0.007565 0.005638 -0.000500 0.007545 0.006121 -0.000500 0.007606 0.006600 -0.000500 0.007748 0.007063 -0.000500 0.007965 0.007494 -0.000500 0.008253 0.007883 -0.000500 0.008602 0.008217 -0.000500 0.009002 0.008488 -0.000500 0.009443 0.008687 -0.000500 0.009911 0.008809 -0.000500 0.010392 0.008850 -0.009000 0.010874 0.008809 -0.009000 0.011342 0.008687 -0.009000 0.011782 0.008488 -0.009000 0.012183 0.008217 -0.009000 0.012532 0.007883 -0.009000 0.012819 0.007494 -0.009000 0.013037 0.007063 -0.009000 0.013178 0.006600 -0.009000 0.013240 0.006121 -0.009000 0.013219 0.005638 -0.009000 0.013117 0.005165 -0.009000 0.012937 0.004717 -0.009000 0.012684 0.004305 -0.009000 0.012364 0.003942 -0.009000 0.011988 0.003639 -0.009000 0.011566 0.003403 -0.009000 0.011110 0.003242 -0.009000 0.010634 0.003160 -0.009000 0.010151 0.003160 -0.009000 0.009674 0.003242 -0.009000 0.009218 0.003403 -0.009000 0.008796 0.003639 -0.009000 0.008420 0.003942 -0.009000 0.008101 0.004305 -0.009000 0.007847 0.004717 -0.009000 0.007667 0.005165 -0.009000 0.007565 0.005638 -0.009000 0.007545 0.006121 -0.009000 0.007606 0.006600 -0.009000 0.007748 0.007063 -0.009000 0.007965 0.007494 -0.009000 0.008253 0.007883 -0.009000 0.008602 0.008217 -0.009000 0.009002 0.008488 -0.009000 0.009443 0.008687 -0.009000 0.009911 0.008809 -0.009000 0.010392 -0.003150 -0.000500 0.010874 -0.003191 -0.000500 0.011342 -0.003313 -0.000500 0.011782 -0.003512 -0.000500 0.012183 -0.003783 -0.000500 0.012532 -0.004117 -0.000500 0.012819 -0.004506 -0.000500 0.013037 -0.004937 -0.000500 0.013178 -0.005400 -0.000500 0.013240 -0.005879 -0.000500 0.013219 -0.006362 -0.000500 0.013117 -0.006835 -0.000500 0.012937 -0.007283 -0.000500 0.012684 -0.007695 -0.000500 0.012364 -0.008058 -0.000500 0.011988 -0.008361 -0.000500 0.011566 -0.008597 -0.000500 0.011110 -0.008758 -0.000500 0.010634 -0.008840 -0.000500 0.010151 -0.008840 -0.000500 0.009674 -0.008758 -0.000500 0.009218 -0.008597 -0.000500 0.008796 -0.008361 -0.000500 0.008420 -0.008058 -0.000500 0.008101 -0.007695 -0.000500 0.007847 -0.007283 -0.000500 0.007667 -0.006835 -0.000500 0.007565 -0.006362 -0.000500 0.007545 -0.005879 -0.000500 0.007606 -0.005400 -0.000500 0.007748 -0.004937 -0.000500 0.007965 -0.004506 -0.000500 0.008253 -0.004117 -0.000500 0.008602 -0.003783 -0.000500 0.009002 -0.003512 -0.000500 0.009443 -0.003313 -0.000500 0.009911 -0.003191 -0.000500 0.010392 -0.003150 -0.009000 0.010874 -0.003191 -0.009000 0.011342 -0.003313 -0.009000 0.011782 -0.003512 -0.009000 0.012183 -0.003783 -0.009000 0.012532 -0.004117 -0.009000 0.012819 -0.004506 -0.009000 0.013037 -0.004937 -0.009000 0.013178 -0.005400 -0.009000 0.013240 -0.005879 -0.009000 0.013219 -0.006362 -0.009000 0.013117 -0.006835 -0.009000 0.012937 -0.007283 -0.009000 0.012684 -0.007695 -0.009000 0.012364 -0.008058 -0.009000 0.011988 -0.008361 -0.009000 0.011566 -0.008597 -0.009000 0.011110 -0.008758 -0.009000 0.010634 -0.008840 -0.009000 0.010151 -0.008840 -0.009000 0.009674 -0.008758 -0.009000 0.009218 -0.008597 -0.009000 0.008796 -0.008361 -0.009000 0.008420 -0.008058 -0.009000 0.008101 -0.007695 -0.009000 0.007847 -0.007283 -0.009000 0.007667 -0.006835 -0.009000 0.007565 -0.006362 -0.009000 0.007545 -0.005879 -0.009000 0.007606 -0.005400 -0.009000 0.007748 -0.004937 -0.009000 0.007965 -0.004506 -0.009000 0.008253 -0.004117 -0.009000 0.008602 -0.003783 -0.009000 0.009002 -0.003512 -0.009000 0.009443 -0.003313 -0.009000 0.009911 -0.003191 -0.009000 -0.000000 -0.009150 -0.000500 0.000482 -0.009191 -0.000500 0.000949 -0.009313 -0.000500 0.001390 -0.009512 -0.000500 0.001790 -0.009783 -0.000500 0.002139 -0.010117 -0.000500 0.002427 -0.010506 -0.000500 0.002644 -0.010937 -0.000500 0.002786 -0.011400 -0.000500 0.002847 -0.011879 -0.000500 0.002827 -0.012362 -0.000500 0.002725 -0.012835 -0.000500 0.002545 -0.013283 -0.000500 0.002291 -0.013695 -0.000500 0.001972 -0.014058 -0.000500 0.001596 -0.014361 -0.000500 0.001174 -0.014597 -0.000500 0.000718 -0.014758 -0.000500 0.000242 -0.014840 -0.000500 -0.000242 -0.014840 -0.000500 -0.000718 -0.014758 -0.000500 -0.001174 -0.014597 -0.000500 -0.001596 -0.014361 -0.000500 -0.001972 -0.014058 -0.000500 -0.002291 -0.013695 -0.000500 -0.002545 -0.013283 -0.000500 -0.002725 -0.012835 -0.000500 -0.002827 -0.012362 -0.000500 -0.002847 -0.011879 -0.000500 -0.002786 -0.011400 -0.000500 -0.002644 -0.010937 -0.000500 -0.002427 -0.010506 -0.000500 -0.002139 -0.010117 -0.000500 -0.001790 -0.009783 -0.000500 -0.001390 -0.009512 -0.000500 -0.000949 -0.009313 -0.000500 -0.000482 -0.009191 -0.000500 -0.000000 -0.009150 -0.009000 0.000482 -0.009191 -0.009000 0.000949 -0.009313 -0.009000 0.001390 -0.009512 -0.009000 0.001790 -0.009783 -0.009000 0.002139 -0.010117 -0.009000 0.002427 -0.010506 -0.009000 0.002644 -0.010937 -0.009000 0.002786 -0.011400 -0.009000 0.002847 -0.011879 -0.009000 0.002827 -0.012362 -0.009000 0.002725 -0.012835 -0.009000 0.002545 -0.013283 -0.009000 0.002291 -0.013695 -0.009000 0.001972 -0.014058 -0.009000 0.001596 -0.014361 -0.009000 0.001174 -0.014597 -0.009000 0.000718 -0.014758 -0.009000 0.000242 -0.014840 -0.009000 -0.000242 -0.014840 -0.009000 -0.000718 -0.014758 -0.009000 -0.001174 -0.014597 -0.009000 -0.001596 -0.014361 -0.009000 -0.001972 -0.014058 -0.009000 -0.002291 -0.013695 -0.009000 -0.002545 -0.013283 -0.009000 -0.002725 -0.012835 -0.009000 -0.002827 -0.012362 -0.009000 -0.002847 -0.011879 -0.009000 -0.002786 -0.011400 -0.009000 -0.002644 -0.010937 -0.009000 -0.002427 -0.010506 -0.009000 -0.002139 -0.010117 -0.009000 -0.001790 -0.009783 -0.009000 -0.001390 -0.009512 -0.009000 -0.000949 -0.009313 -0.009000 -0.000482 -0.009191 -0.009000 -0.010392 -0.003150 -0.000500 -0.009911 -0.003191 -0.000500 -0.009443 -0.003313 -0.000500 -0.009002 -0.003512 -0.000500 -0.008602 -0.003783 -0.000500 -0.008253 -0.004117 -0.000500 -0.007965 -0.004506 -0.000500 -0.007748 -0.004937 -0.000500 -0.007606 -0.005400 -0.000500 -0.007545 -0.005879 -0.000500 -0.007565 -0.006362 -0.000500 -0.007667 -0.006835 -0.000500 -0.007847 -0.007283 -0.000500 -0.008101 -0.007695 -0.000500 -0.008420 -0.008058 -0.000500 -0.008796 -0.008361 -0.000500 -0.009218 -0.008597 -0.000500 -0.009674 -0.008758 -0.000500 -0.010151 -0.008840 -0.000500 -0.010634 -0.008840 -0.000500 -0.011110 -0.008758 -0.000500 -0.011566 -0.008597 -0.000500 -0.011988 -0.008361 -0.000500 -0.012364 -0.008058 -0.000500 -0.012684 -0.007695 -0.000500 -0.012937 -0.007283 -0.000500 -0.013117 -0.006835 -0.000500 -0.013219 -0.006362 -0.000500 -0.013240 -0.005879 -0.000500 -0.013178 -0.005400 -0.000500 -0.013037 -0.004937 -0.000500 -0.012819 -0.004506 -0.000500 -0.012532 -0.004117 -0.000500 -0.012183 -0.003783 -0.000500 -0.011782 -0.003512 -0.000500 -0.011342 -0.003313 -0.000500 -0.010874 -0.003191 -0.000500 -0.010392 -0.003150 -0.009000 -0.009911 -0.003191 -0.009000 -0.009443 -0.003313 -0.009000 -0.009002 -0.003512 -0.009000 -0.008602 -0.003783 -0.009000 -0.008253 -0.004117 -0.009000 -0.007965 -0.004506 -0.009000 -0.007748 -0.004937 -0.009000 -0.007606 -0.005400 -0.009000 -0.007545 -0.005879 -0.009000 -0.007565 -0.006362 -0.009000 -0.007667 -0.006835 -0.009000 -0.007847 -0.007283 -0.009000 -0.008101 -0.007695 -0.009000 -0.008420 -0.008058 -0.009000 -0.008796 -0.008361 -0.009000 -0.009218 -0.008597 -0.009000 -0.009674 -0.008758 -0.009000 -0.010151 -0.008840 -0.009000 -0.010634 -0.008840 -0.009000 -0.011110 -0.008758 -0.009000 -0.011566 -0.008597 -0.009000 -0.011988 -0.008361 -0.009000 -0.012364 -0.008058 -0.009000 -0.012684 -0.007695 -0.009000 -0.012937 -0.007283 -0.009000 -0.013117 -0.006835 -0.009000 -0.013219 -0.006362 -0.009000 -0.013240 -0.005879 -0.009000 -0.013178 -0.005400 -0.009000 -0.013037 -0.004937 -0.009000 -0.012819 -0.004506 -0.009000 -0.012532 -0.004117 -0.009000 -0.012183 -0.003783 -0.009000 -0.011782 -0.003512 -0.009000 -0.011342 -0.003313 -0.009000 -0.010874 -0.003191 -0.009000 -0.010392 0.008850 -0.000500 -0.009911 0.008809 -0.000500 -0.009443 0.008687 -0.000500 -0.009002 0.008488 -0.000500 -0.008602 0.008217 -0.000500 -0.008253 0.007883 -0.000500 -0.007965 0.007494 -0.000500 -0.007748 0.007063 -0.000500 -0.007606 0.006600 -0.000500 -0.007545 0.006121 -0.000500 -0.007565 0.005638 -0.000500 -0.007667 0.005165 -0.000500 -0.007847 0.004717 -0.000500 -0.008101 0.004305 -0.000500 -0.008420 0.003942 -0.000500 -0.008796 0.003639 -0.000500 -0.009218 0.003403 -0.000500 -0.009674 0.003242 -0.000500 -0.010151 0.003160 -0.000500 -0.010634 0.003160 -0.000500 -0.011110 0.003242 -0.000500 -0.011566 0.003403 -0.000500 -0.011988 0.003639 -0.000500 -0.012364 0.003942 -0.000500 -0.012684 0.004305 -0.000500 -0.012937 0.004717 -0.000500 -0.013117 0.005165 -0.000500 -0.013219 0.005638 -0.000500 -0.013240 0.006121 -0.000500 -0.013178 0.006600 -0.000500 -0.013037 0.007063 -0.000500 -0.012819 0.007494 -0.000500 -0.012532 0.007883 -0.000500 -0.012183 0.008217 -0.000500 -0.011782 0.008488 -0.000500 -0.011342 0.008687 -0.000500 -0.010874 0.008809 -0.000500 -0.010392 0.008850 -0.009000 -0.009911 0.008809 -0.009000 -0.009443 0.008687 -0.009000 -0.009002 0.008488 -0.009000 -0.008602 0.008217 -0.009000 -0.008253 0.007883 -0.009000 -0.007965 0.007494 -0.009000 -0.007748 0.007063 -0.009000 -0.007606 0.006600 -0.009000 -0.007545 0.006121 -0.009000 -0.007565 0.005638 -0.009000 -0.007667 0.005165 -0.009000 -0.007847 0.004717 -0.009000 -0.008101 0.004305 -0.009000 -0.008420 0.003942 -0.009000 -0.008796 0.003639 -0.009000 -0.009218 0.003403 -0.009000 -0.009674 0.003242 -0.009000 -0.010151 0.003160 -0.009000 -0.010634 0.003160 -0.009000 -0.011110 0.003242 -0.009000 -0.011566 0.003403 -0.009000 -0.011988 0.003639 -0.009000 -0.012364 0.003942 -0.009000 -0.012684 0.004305 -0.009000 -0.012937 0.004717 -0.009000 -0.013117 0.005165 -0.009000 -0.013219 0.005638 -0.009000 -0.013240 0.006121 -0.009000 -0.013178 0.006600 -0.009000 -0.013037 0.007063 -0.009000 -0.012819 0.007494 -0.009000 -0.012532 0.007883 -0.009000 -0.012183 0.008217 -0.009000 -0.011782 0.008488 -0.009000 -0.011342 0.008687 -0.009000 -0.010874 0.008809 -0.009000 -0.000000 0.020000 -0.015000 0.001281 0.019959 -0.015000 0.002558 0.019836 -0.015000 0.003823 0.019631 -0.015000 0.005073 0.019346 -0.015000 0.006302 0.018981 -0.015000 0.007505 0.018538 -0.015000 0.008678 0.018019 -0.015000 0.009814 0.017426 -0.015000 0.010911 0.016762 -0.015000 0.011962 0.016028 -0.015000 0.012965 0.015229 -0.015000 0.013914 0.014367 -0.015000 0.014806 0.013446 -0.015000 0.015637 0.012470 -0.015000 0.016403 0.011442 -0.015000 0.017103 0.010368 -0.015000 0.017732 0.009251 -0.015000 0.018288 0.008096 -0.015000 0.018769 0.006907 -0.015000 0.019173 0.005691 -0.015000 0.019499 0.004450 -0.015000 0.019744 0.003192 -0.015000 0.019908 0.001920 -0.015000 0.019990 0.000641 -0.015000 0.019990 -0.000641 -0.015000 0.019908 -0.001920 -0.015000 0.019744 -0.003192 -0.015000 0.019499 -0.004450 -0.015000 0.019173 -0.005691 -0.015000 0.018769 -0.006907 -0.015000 0.018288 -0.008096 -0.015000 0.017732 -0.009251 -0.015000 0.017103 -0.010368 -0.015000 0.016403 -0.011442 -0.015000 0.015637 -0.012470 -0.015000 0.014806 -0.013446 -0.015000 0.013914 -0.014367 -0.015000 0.012965 -0.015229 -0.015000 0.011962 -0.016028 -0.015000 0.010911 -0.016762 -0.015000 0.009814 -0.017426 -0.015000 0.008678 -0.018019 -0.015000 0.007505 -0.018538 -0.015000 0.006302 -0.018981 -0.015000 0.005073 -0.019346 -0.015000 0.003823 -0.019631 -0.015000 0.002558 -0.019836 -0.015000 0.001281 -0.019959 -0.015000 -0.000000 -0.020000 -0.015000 -0.001281 -0.019959 -0.015000 -0.002558 -0.019836 -0.015000 -0.003823 -0.019631 -0.015000 -0.005073 -0.019346 -0.015000 -0.006302 -0.018981 -0.015000 -0.007505 -0.018538 -0.015000 -0.008678 -0.018019 -0.015000 -0.009814 -0.017426 -0.015000 -0.010911 -0.016762 -0.015000 -0.011962 -0.016028 -0.015000 -0.012965 -0.015229 -0.015000 -0.013914 -0.014367 -0.015000 -0.014806 -0.013446 -0.015000 -0.015637 -0.012470 -0.015000 -0.016403 -0.011442 -0.015000 -0.017103 -0.010368 -0.015000 -0.017732 -0.009251 -0.015000 -0.018288 -0.008096 -0.015000 -0.018769 -0.006907 -0.015000 -0.019173 -0.005691 -0.015000 -0.019499 -0.004450 -0.015000 -0.019744 -0.003192 -0.015000 -0.019908 -0.001920 -0.015000 -0.019990 -0.000641 -0.015000 -0.019990 0.000641 -0.015000 -0.019908 0.001920 -0.015000 -0.019744 0.003192 -0.015000 -0.019499 0.004450 -0.015000 -0.019173 0.005691 -0.015000 -0.018769 0.006907 -0.015000 -0.018288 0.008096 -0.015000 -0.017732 0.009251 -0.015000 -0.017103 0.010368 -0.015000 -0.016403 0.011442 -0.015000 -0.015637 0.012470 -0.015000 -0.014806 0.013446 -0.015000 -0.013914 0.014367 -0.015000 -0.012965 0.015229 -0.015000 -0.011962 0.016028 -0.015000 -0.010911 0.016762 -0.015000 -0.009814 0.017426 -0.015000 -0.008678 0.018019 -0.015000 -0.007505 0.018538 -0.015000 -0.006302 0.018981 -0.015000 -0.005073 0.019346 -0.015000 -0.003823 0.019631 -0.015000 -0.002558 0.019836 -0.015000 -0.001281 0.019959 -0.015000 -0.000000 -0.014950 -0.015000 0.001117 -0.014908 -0.015000 0.002228 -0.014783 -0.015000 0.003327 -0.014575 -0.015000 0.004407 -0.014286 -0.015000 0.005462 -0.013917 -0.015000 0.006487 -0.013469 -0.015000 0.007475 -0.012947 -0.015000 0.008422 -0.012352 -0.015000 0.009321 -0.011688 -0.015000 0.010169 -0.010959 -0.015000 0.010959 -0.010169 -0.015000 0.011688 -0.009321 -0.015000 0.012352 -0.008422 -0.015000 0.012947 -0.007475 -0.015000 0.013469 -0.006487 -0.015000 0.013917 -0.005462 -0.015000 0.014286 -0.004407 -0.015000 0.014575 -0.003327 -0.015000 0.014783 -0.002228 -0.015000 0.014908 -0.001117 -0.015000 0.014950 0.000000 -0.015000 0.014908 0.001117 -0.015000 0.014783 0.002228 -0.015000 0.014575 0.003327 -0.015000 0.014286 0.004407 -0.015000 0.013917 0.005462 -0.015000 0.013469 0.006487 -0.015000 0.012947 0.007475 -0.015000 0.012352 0.008422 -0.015000 0.011688 0.009321 -0.015000 0.010959 0.010169 -0.015000 0.010169 0.010959 -0.015000 0.009321 0.011688 -0.015000 0.008422 0.012352 -0.015000 0.007475 0.012947 -0.015000 0.006487 0.013469 -0.015000 0.005462 0.013917 -0.015000 0.004407 0.014286 -0.015000 0.003327 0.014575 -0.015000 0.002228 0.014783 -0.015000 0.001117 0.014908 -0.015000 -0.000000 0.014950 -0.015000 -0.001117 0.014908 -0.015000 -0.002228 0.014783 -0.015000 -0.003327 0.014575 -0.015000 -0.004407 0.014286 -0.015000 -0.005462 0.013917 -0.015000 -0.006487 0.013469 -0.015000 -0.007475 0.012947 -0.015000 -0.008422 0.012352 -0.015000 -0.009321 0.011688 -0.015000 -0.010169 0.010959 -0.015000 -0.010959 0.010169 -0.015000 -0.011688 0.009321 -0.015000 -0.012352 0.008422 -0.015000 -0.012947 0.007475 -0.015000 -0.013469 0.006487 -0.015000 -0.013917 0.005462 -0.015000 -0.014286 0.004407 -0.015000 -0.014575 0.003327 -0.015000 -0.014783 0.002228 -0.015000 -0.014908 0.001117 -0.015000 -0.014950 0.000000 -0.015000 -0.014908 -0.001117 -0.015000 -0.014783 -0.002228 -0.015000 -0.014575 -0.003327 -0.015000 -0.014286 -0.004407 -0.015000 -0.013917 -0.005462 -0.015000 -0.013469 -0.006487 -0.015000 -0.012947 -0.007475 -0.015000 -0.012352 -0.008422 -0.015000 -0.011688 -0.009321 -0.015000 -0.010959 -0.010169 -0.015000 -0.010169 -0.010959 -0.015000 -0.009321 -0.011688 -0.015000 -0.008422 -0.012352 -0.015000 -0.007475 -0.012947 -0.015000 -0.006487 -0.013469 -0.015000 -0.005462 -0.013917 -0.015000 -0.004407 -0.014286 -0.015000 -0.003327 -0.014575 -0.015000 -0.002228 -0.014783 -0.015000 -0.001117 -0.014908 -0.015000</float_array>
          <technique_common>
            <accessor source="#Gripper-mesh-positions-array" count="1518" stride="3">
              <param name="X" type="float"/>
              <param name="Y" type="float"/>
              <param name="Z" type="float"/>
            </accessor>
          </technique_common>
        </source>
        <source id="Gripper-mesh-normals">
          <float_array id="Gripper-mesh-normals-array" count="9108">-0.142340 0.692632 -0.707107 -0.126259 0.695743 -0.707107 0.000000 0.707107 -0.707107 0.000000 0.707107 -0.707107 0.126259 0.695743 -0.707107 -0.248460 0.662018 -0.707107 -0.278852 0.649801 -0.707107 -0.362675 0.607015 -0.707107 -0.403948 0.580367 -0.707107 -0.465233 0.532502 -0.707107 -0.512506 0.487173 -0.707107 -0.552838 0.440874 -0.707107 -0.600082 0.374034 -0.707107 -0.622675 0.335076 -0.707107 -0.663091 0.245582 -0.707107 -0.672499 0.218508 -0.707107 -0.698953 0.107076 -0.707107 -0.700707 0.094917 -0.707107 -0.706199 -0.035814 -0.707107 -0.706395 -0.031724 -0.707107 -0.689378 -0.157346 -0.707107 -0.684534 -0.177238 -0.707107 -0.650204 -0.277911 -0.707107 -0.634844 -0.311406 -0.707107 -0.590132 -0.389543 -0.707107 -0.559163 -0.432824 -0.707107 -0.511093 -0.488655 -0.707107 -0.460590 -0.536523 -0.707107 -0.415627 -0.572061 -0.707107 -0.343160 -0.618256 -0.707107 -0.306802 -0.637081 -0.707107 -0.211682 -0.674678 -0.707107 -0.188116 -0.681625 -0.707107 -0.071537 -0.703479 -0.707107 -0.063385 -0.704260 -0.707107 0.071537 -0.703479 -0.707107 0.063385 -0.704260 -0.707107 0.188116 -0.681625 -0.707107 0.211682 -0.674678 -0.707107 0.306802 -0.637081 -0.707107 0.343160 -0.618256 -0.707107 0.415627 -0.572061 -0.707107 0.460590 -0.536523 -0.707107 0.511093 -0.488655 -0.707107 0.559163 -0.432824 -0.707107 0.590132 -0.389543 -0.707107 0.634844 -0.311406 -0.707107 0.650204 -0.277911 -0.707107 0.684534 -0.177238 -0.707107 0.689378 -0.157346 -0.707107 0.706199 -0.035814 -0.707107 0.706395 -0.031724 -0.707107 0.700707 0.094917 -0.707107 0.698953 0.107076 -0.707107 0.672499 0.218508 -0.707107 0.663091 0.245582 -0.707107 0.622675 0.335076 -0.707107 0.600082 0.374034 -0.707107 0.552838 0.440874 -0.707107 0.512506 0.487173 -0.707107 0.465233 0.532502 -0.707107 0.403948 0.580367 -0.707107 0.362675 0.607015 -0.707107 0.278852 0.649801 -0.707107 0.248460 0.662018 -0.707107 0.142340 0.692632 -0.707107 -0.000000 0.000000 -1.000000 -0.000000 0.000000 -1.000000 -0.000000 0.000000 -1.000000 -0.000000 0.000000 -1.000000 -0.000000 0.000000 -1.000000 -0.000000 0.000000 -1.000000 -0.000000 0.000000 -1.000000 -0.000000 0.000000 -1.000000 -0.000000 0.000000 -1.000000 -0.000000 0.000000 -1.000000 -0.000000 0.000000 -1.000000 -0.000000 0.000000 -1.000000 -0.000000 0.000000 -1.000000 -0.000000 0.000000 -1.000000 -0.000000 0.000000 -1.000000 -0.000000 0.000000 -1.000000 -0.000000 0.000000 -1.000000 -0.000000 0.000000 -1.000000 -0.000000 0.000000 -1.000000 -0.000000 0.000000 -1.000000 -0.000000 0.000000 -1.000000 -0.000000 0.000000 -1.000000 -0.000000 0.000000 -1.000000 -0.000000 0.000000 -1.000000 -0.000000 0.000000 -1.000000 -0.000000 0.000000 -1.000000 -0.000000 0.000000 -1.000000 -0.000000 0.000000 -1.000000 -0.000000 0.000000 -1.000000 -0.000000 0.000000 -1.000000 -0.000000 0.000000 -1.000000 -0.000000 0.000000 -1.000000 -0.000000 0.000000 -1.000000 -0.000000 0.000000 -1.000000 -0.000000 0.000000 -1.000000 -0.000000 0.000000 -1.000000 -0.000000 0.000000 -1.000000 -0.000000 0.000000 -1.000000 -0.000000 0.000000 -1.000000 -0.000000 0.000000 -1.000000 -0.000000 0.000000 -1.000000 -0.000000 0.000000 -1.000000 -0.000000 0.000000 -1.000000 -0.000000 0.000000 -1.000000 -0.000000 0.000000 -1.000000 -0.000000 0.000000 -1.000000 -0.000000 0.000000 -1.000000 -0.000000 0.000000 -1.000000 -0.000000 0.000000 -1.000000 -0.000000 0.000000 -1.000000 -0.000000 0.000000 -1.000000 -0.000000 0.000000 -1.000000 -0.000000 0.000000 -1.000000 -0.000000 0.000000 -1.000000 -0.000000 0.000000 -1.000000 -0.000000 0.000000 -1.000000 -0.000000 0.000000 -1.000000 -0.000000 0.000000 -1.000000 -0.000000 0.000000 -1.000000 -0.000000 0.000000 -1.000000 -0.000000 0.000000 -1.000000 -0.000000 0.000000 -1.000000 -0.000000 0.000000 -1.000000 -0.000000 0.000000 -1.000000 -0.000000 0.000000 -1.000000 -0.000000 0.000000 -1.000000 -0.000000 0.000000 -1.000000 -0.000000 0.000000 -1.000000 -0.000000 0.000000 -1.000000 -0.000000 0.000000 -1.000000 -0.000000 0.000000 -1.000000 -0.000000 0.000000 -1.000000 -0.000000 0.000000 -1.000000 -0.000000 0.000000 -1.000000 -0.000000 0.000000 -1.000000 -0.000000 0.000000 -1.000000 -0.000000 0.000000 -1.000000 -0.000000 0.000000 -1.000000 -0.000000 0.000000 -1.000000 -0.000000 0.000000 -1.000000 -0.000000 0.000000 -1.000000 -0.000000 0.000000 -1.000000 -0.000000 0.000000 -1.000000 -0.000000 0.000000 -1.000000 -0.000000 0.000000 -1.000000 -0.000000 0.000000 -1.000000 -0.000000 0.000000 -1.000000 -0.000000 0.000000 -1.000000 -0.000000 0.000000 -1.000000 -0.000000 0.000000 -1.000000 -0.000000 0.000000 -1.000000 -0.000000 0.000000 -1.000000 -0.000000 0.000000 -1.000000 -0.000000 0.000000 -1.000000 -0.000000 0.000000 -1.000000 -0.000000 0.000000 -1.000000 -0.000000 0.000000 -1.000000 -0.000000 0.000000 -1.000000 -0.000000 0.000000 -1.000000 -0.000000 0.000000 -1.000000 -0.000000 0.000000 -1.000000 -0.000000 0.000000 -1.000000 -0.000000 0.000000 -1.000000 -0.000000 0.000000 -1.000000 -0.000000 0.000000 -1.000000 -0.000000 0.000000 -1.000000 -0.000000 0.000000 -1.000000 -0.000000 0.000000 -1.000000 -0.000000 0.000000 -1.000000 -0.000000 0.000000 -1.000000 -0.000000 0.000000 -1.000000 -0.000000 0.000000 -1.000000 -0.000000 0.000000 -1.000000 -0.000000 0.000000 -1.000000 -0.000000 0.000000 -1.000000 -0.000000 0.000000 -1.000000 -0.000000 0.000000 -1.000000 -0.000000 0.000000 -1.000000 -0.000000 0.000000 -1.000000 -0.000000 0.000000 -1.000000 -0.000000 0.000000 -1.000000 -0.000000 0.000000 -1.000000 -0.000000 0.000000 -1.000000 -0.000000 0.000000 -1.000000 -0.000000 0.000000 -1.000000 -0.000000 0.000000 -1.000000 -0.000000 0.000000 -1.000000 -0.000000 0.000000 -1.000000 -0.000000 0.000000 -1.000000 -0.000000 0.000000 -1.000000 -0.000000 0.000000 -1.000000 -0.000000 0.000000 -1.000000 -0.000000 0.000000 -1.000000 -0.000000 0.000000 -1.000000 -0.000000 0.000000 -1.000000 -0.000000 0.000000 -1.000000 -0.000000 0.000000 -1.000000 -0.000000 0.000000 -1.000000 -0.000000 0.000000 -1.000000 -0.000000 0.000000 -1.000000 -0.000000 0.000000 -1.000000 -0.000000 0.000000 -1.000000 -0.000000 0.000000 -1.000000 -0.000000 0.000000 -1.000000 -0.000000 0.000000 -1.000000 -0.000000 0.000000 -1.000000 -0.000000 0.000000 -1.000000 -0.000000 0.000000 -1.000000 -0.000000 0.000000 -1.000000 -0.000000 0.000000 -1.000000 -0.000000 0.000000 -1.000000 -0.000000 0.000000 -1.000000 -0.000000 0.000000 -1.000000 -0.000000 0.000000 -1.000000 -0.000000 0.000000 -1.000000 -0.000000 0.000000 -1.000000 -0.000000 0.000000 -1.000000 -0.000000 0.000000 -1.000000 -0.000000 0.000000 -1.000000 -0.000000 0.000000 -1.000000 -0.000000 0.000000 -1.000000 -0.000000 0.000000 -1.000000 -0.000000 0.000000 -1.000000 -0.000000 0.000000 -1.000000 -0.000000 0.000000 -1.000000 -0.000000 0.000000 -1.000000 -0.000000 0.000000 -1.000000 -0.000000 0.000000 -1.000000 -0.000000 0.000000 -1.000000 -0.000000 0.000000 -1.000000 -0.000000 0.000000 -1.000000 -0.000000 0.000000 -1.000000 -0.000000 0.000000 -1.000000 -0.000000 0.000000 -1.000000 -0.000000 0.000000 -1.000000 -0.000000 0.000000 -1.000000 -0.000000 0.000000 -1.000000 -0.000000 0.000000 -1.000000 -0.000000 0.000000 -1.000000 -0.000000 0.000000 -1.000000 -0.000000 0.000000 -1.000000 -0.000000 0.000000 -1.000000 -0.000000 0.000000 -1.000000 -0.000000 0.000000 -1.000000 -0.000000 0.000000 -1.000000 -0.000000 0.000000 -1.000000 -0.000000 0.000000 -1.000000 -0.000000 0.000000 -1.000000 -0.000000 0.000000 -1.000000 -0.000000 0.000000 -1.000000 -0.000000 0.000000 -1.000000 -0.000000 0.000000 -1.000000 -0.000000 0.000000 -1.000000 -0.000000 0.000000 -1.000000 -0.000000 0.000000 -1.000000 -0.000000 0.000000 -1.000000 -0.000000 0.000000 -1.000000 -0.000000 0.000000 -1.000000 -0.000000 0.000000 -1.000000 -0.000000 0.000000 -1.000000 -0.000000 0.000000 -1.000000 -0.000000 0.000000 -1.000000 -0.000000 0.000000 -1.000000 -0.000000 0.000000 -1.000000 -0.000000 0.000000 -1.000000 -0.000000 0.000000 -1.000000 -0.000000 0.000000 -1.000000 -0.000000 0.000000 -1.000000 -0.000000 0.000000 -1.000000 -0.000000 0.000000 -1.000000 -0.000000 0.000000 -1.000000 -0.000000 0.000000 -1.000000 -0.000000 0.000000 -1.000000 -0.000000 0.000000 -1.000000 -0.000000 0.000000 -1.000000 -0.000000 0.000000 -1.000000 -0.000000 0.000000 -1.000000 -0.000000 0.000000 -1.000000 -0.000000 0.000000 -1.000000 -0.000000 0.000000 -1.000000 -0.000000 0.000000 -1.000000 -0.000000 0.000000 -1.000000 -0.000000 0.000000 -1.000000 -0.000000 0.000000 -1.000000 -0.000000 0.000000 -1.000000 -0.000000 0.000000 -1.000000 -0.000000 0.000000 -1.000000 -0.000000 0.000000 -1.000000 -0.000000 0.000000 -1.000000 -0.000000 0.000000 -1.000000 -0.000000 0.000000 -1.000000 -0.000000 0.000000 -1.000000 -0.000000 0.000000 -1.000000 -0.000000 0.000000 -1.000000 -0.000000 0.000000 -1.000000 -0.000000 0.000000 -1.000000 -0.000000 0.000000 -1.000000 -0.000000 0.000000 -1.000000 -0.000000 0.000000 -1.000000 -0.000000 0.000000 -1.000000 -0.000000 0.000000 -1.000000 -0.000000 0.000000 -1.000000 -0.000000 0.000000 -1.000000 -0.000000 0.000000 -1.000000 -0.000000 0.000000 -1.000000 -0.000000 0.000000 -1.000000 -0.000000 0.000000 -1.000000 -0.000000 0.000000 -1.000000 -0.000000 0.000000 -1.000000 -0.000000 0.000000 -1.000000 -0.000000 0.000000 -1.000000 -0.000000 0.000000 -1.000000 -0.000000 0.000000 -1.000000 -0.000000 0.000000 -1.000000 -0.000000 0.000000 -1.000000 -0.000000 0.000000 -1.000000 -0.000000 0.000000 -1.000000 -0.000000 0.000000 -1.000000 -0.000000 0.000000 -1.000000 -0.000000 0.000000 -1.000000 -0.000000 0.000000 -1.000000 -0.000000 0.000000 -1.000000 -0.000000 0.000000 -1.000000 -0.000000 0.000000 -1.000000 -0.000000 0.000000 -1.000000 -0.201299 0.979530 -0.000000 -0.201299 0.979530 -0.000000 0.000000 1.000000 -0.000000 0.000000 1.000000 -0.000000 0.201299 0.979530 -0.000000 0.201299 0.979530 -0.000000 0.394356 0.918958 -0.000000 0.394356 0.918958 -0.000000 0.571268 0.820763 -0.000000 0.571268 0.820763 -0.000000 0.724793 0.688967 0.000000 0.724793 0.688967 0.000000 0.848644 0.528964 0.000000 0.848644 0.528964 0.000000 0.937752 0.347305 0.000000 0.937752 0.347305 0.000000 0.988468 0.151428 0.000000 0.988468 0.151428 0.000000 0.998717 -0.050649 0.000000 0.998717 -0.050649 0.000000 0.968077 -0.250653 0.000000 0.968077 -0.250653 0.000000 0.897805 -0.440394 0.000000 0.897805 -0.440394 0.000000 0.790776 -0.612106 0.000000 0.790776 -0.612106 0.000000 0.651372 -0.758758 0.000000 0.651372 -0.758758 0.000000 0.485302 -0.874347 0.000000 0.485302 -0.874347 0.000000 0.299363 -0.954139 0.000000 0.299363 -0.954139 0.000000 0.101168 -0.994869 0.000000 0.101168 -0.994869 0.000000 -0.101168 -0.994869 0.000000 -0.101168 -0.994869 0.000000 -0.299363 -0.954139 0.000000 -0.299363 -0.954139 0.000000 -0.485302 -0.874347 0.000000 -0.485302 -0.874347 0.000000 -0.651372 -0.758758 0.000000 -0.651372 -0.758758 0.000000 -0.790776 -0.612106 -0.000000 -0.790776 -0.612106 -0.000000 -0.897805 -0.440394 -0.000000 -0.897805 -0.440394 -0.000000 -0.968077 -0.250653 -0.000000 -0.968077 -0.250653 -0.000000 -0.998717 -0.050649 -0.000000 -0.998717 -0.050649 -0.000000 -0.988468 0.151428 -0.000000 -0.988468 0.151428 -0.000000 -0.937752 0.347305 -0.000000 -0.937752 0.347305 -0.000000 -0.848644 0.528964 -0.000000 -0.848644 0.528964 -0.000000 -0.724793 0.688967 -0.000000 -0.724793 0.688967 -0.000000 -0.571268 0.820763 -0.000000 -0.571268 0.820763 -0.000000 -0.394356 0.918958 -0.000000 -0.394356 0.918958 -0.000000 -0.142340 0.692632 -0.707107 -0.126259 0.695743 -0.707107 0.000000 0.707107 -0.707107 0.000000 0.707107 -0.707107 0.126259 0.695743 -0.707107 -0.248460 0.662018 -0.707107 -0.278852 0.649801 -0.707107 -0.362675 0.607015 -0.707107 -0.403948 0.580367 -0.707107 -0.465233 0.532502 -0.707107 -0.512506 0.487173 -0.707107 -0.552838 0.440874 -0.707107 -0.600082 0.374034 -0.707107 -0.622675 0.335076 -0.707107 -0.663091 0.245582 -0.707107 -0.672499 0.218508 -0.707107 -0.698953 0.107076 -0.707107 -0.700707 0.094917 -0.707107 -0.706199 -0.035814 -0.707107 -0.706395 -0.031724 -0.707107 -0.689378 -0.157346 -0.707107 -0.684534 -0.177238 -0.707107 -0.650204 -0.277911 -0.707107 -0.634844 -0.311406 -0.707107 -0.590132 -0.389543 -0.707107 -0.559163 -0.432824 -0.707107 -0.511093 -0.488655 -0.707107 -0.460590 -0.536523 -0.707107 -0.415627 -0.572061 -0.707107 -0.343160 -0.618256 -0.707107 -0.306802 -0.637081 -0.707107 -0.211682 -0.674678 -0.707107 -0.188116 -0.681625 -0.707107 -0.071537 -0.703479 -0.707107 -0.063385 -0.704260 -0.707107 0.071537 -0.703479 -0.707107 0.063385 -0.704260 -0.707107 0.188116 -0.681625 -0.707107 0.211682 -0.674678 -0.707107 0.306802 -0.637081 -0.707107 0.343160 -0.618256 -0.707107 0.415627 -0.572061 -0.707107 0.460590 -0.536523 -0.707107 0.511093 -0.488655 -0.707107 0.559163 -0.432824 -0.707107 0.590132 -0.389543 -0.707107 0.634844 -0.311406 -0.707107 0.650204 -0.277911 -0.707107 0.684534 -0.177238 -0.707107 0.689378 -0.157346 -0.707107 0.706199 -0.035814 -0.707107 0.706395 -0.031724 -0.707107 0.700707 0.094917 -0.707107 0.698953 0.107076 -0.707107 0.672499 0.218508 -0.707107 0.663091 0.245582 -0.707107 0.622675 0.335076 -0.707107 0.600082 0.374034 -0.707107 0.552838 0.440874 -0.707107 0.512506 0.487173 -0.707107 0.465233 0.532502 -0.707107 0.403948 0.580367 -0.707107 0.362675 0.607015 -0.707107 0.278852 0.649801 -0.707107 0.248460 0.662018 -0.707107 0.142340 0.692632 -0.707107 -0.201299 0.979530 -0.000000 -0.201299 0.979530 -0.000000 0.000000 1.000000 -0.000000 0.000000 1.000000 -0.000000 0.201299 0.979530 -0.000000 0.201299 0.979530 -0.000000 0.394356 0.918958 -0.000000 0.394356 0.918958 -0.000000 0.571268 0.820763 -0.000000 0.571268 0.820763 -0.000000 0.724793 0.688967 0.000000 0.724793 0.688967 0.000000 0.848644 0.528964 0.000000 0.848644 0.528964 0.000000 0.937752 0.347305 0.000000 0.937752 0.347305 0.000000 0.988468 0.151428 0.000000 0.988468 0.151428 0.000000 0.998717 -0.050649 0.000000 0.998717 -0.050649 0.000000 0.968077 -0.250653 0.000000 0.968077 -0.250653 0.000000 0.897805 -0.440394 0.000000 0.897805 -0.440394 0.000000 0.790776 -0.612106 0.000000 0.790776 -0.612106 0.000000 0.651372 -0.758758 0.000000 0.651372 -0.758758 0.000000 0.485302 -0.874347 0.000000 0.485302 -0.874347 0.000000 0.299363 -0.954139 0.000000 0.299363 -0.954139 0.000000 0.101168 -0.994869 0.000000 0.101168 -0.994869 0.000000 -0.101168 -0.994869 0.000000 -0.101168 -0.994869 0.000000 -0.299363 -0.954139 0.000000 -0.299363 -0.954139 0.000000 -0.485302 -0.874347 0.000000 -0.485302 -0.874347 0.000000 -0.651372 -0.758758 0.000000 -0.651372 -0.758758 0.000000 -0.790776 -0.612106 -0.000000 -0.790776 -0.612106 -0.000000 -0.897805 -0.440394 -0.000000 -0.897805 -0.440394 -0.000000 -0.968077 -0.250653 -0.000000 -0.968077 -0.250653 -0.000000 -0.998717 -0.050649 -0.000000 -0.998717 -0.050649 -0.000000 -0.988468 0.151428 -0.000000 -0.988468 0.151428 -0.000000 -0.937752 0.347305 -0.000000 -0.937752 0.347305 -0.000000 -0.848644 0.528964 -0.000000 -0.848644 0.528964 -0.000000 -0.724793 0.688967 -0.000000 -0.724793 0.688967 -0.000000 -0.571268 0.820763 -0.000000 -0.571268 0.820763 -0.000000 -0.394356 0.918958 -0.000000 -0.394356 0.918958 -0.000000 -0.142340 0.692632 -0.707107 -0.126259 0.695743 -0.707107 0.000000 0.707107 -0.707107 0.000000 0.707107 -0.707107 0.126259 0.695743 -0.707107 -0.248460 0.662018 -0.707107 -0.278852 0.649801 -0.707107 -0.362675 0.607015 -0.707107 -0.403948 0.580367 -0.707107 -0.465233 0.532502 -0.707107 -0.512506 0.487173 -0.707107 -0.552838 0.440874 -0.707107 -0.600082 0.374034 -0.707107 -0.622675 0.335076 -0.707107 -0.663091 0.245582 -0.707107 -0.672499 0.218508 -0.707107 -0.698953 0.107076 -0.707107 -0.700707 0.094917 -0.707107 -0.706199 -0.035814 -0.707107 -0.706395 -0.031724 -0.707107 -0.689378 -0.157346 -0.707107 -0.684534 -0.177238 -0.707107 -0.650204 -0.277911 -0.707107 -0.634844 -0.311406 -0.707107 -0.590132 -0.389543 -0.707107 -0.559163 -0.432824 -0.707107 -0.511093 -0.488655 -0.707107 -0.460590 -0.536523 -0.707107 -0.415627 -0.572061 -0.707107 -0.343160 -0.618256 -0.707107 -0.306802 -0.637081 -0.707107 -0.211682 -0.674678 -0.707107 -0.188116 -0.681625 -0.707107 -0.071537 -0.703479 -0.707107 -0.063385 -0.704260 -0.707107 0.071537 -0.703479 -0.707107 0.063385 -0.704260 -0.707107 0.188116 -0.681625 -0.707107 0.211682 -0.674678 -0.707107 0.306802 -0.637081 -0.707107 0.343160 -0.618256 -0.707107 0.415627 -0.572061 -0.707107 0.460590 -0.536523 -0.707107 0.511093 -0.488655 -0.707107 0.559163 -0.432824 -0.707107 0.590132 -0.389543 -0.707107 0.634844 -0.311406 -0.707107 0.650204 -0.277911 -0.707107 0.684534 -0.177238 -0.707107 0.689378 -0.157346 -0.707107 0.706199 -0.035814 -0.707107 0.706395 -0.031724 -0.707107 0.700707 0.094917 -0.707107 0.698953 0.107076 -0.707107 0.672499 0.218508 -0.707107 0.663091 0.245582 -0.707107 0.622675 0.335076 -0.707107 0.600082 0.374034 -0.707107 0.552838 0.440874 -0.707107 0.512506 0.487173 -0.707107 0.465233 0.532502 -0.707107 0.403948 0.580367 -0.707107 0.362675 0.607015 -0.707107 0.278852 0.649801 -0.707107 0.248460 0.662018 -0.707107 0.142340 0.692632 -0.707107 -0.201299 0.979530 -0.000000 -0.201299 0.979530 -0.000000 0.000000 1.000000 -0.000000 0.000000 1.000000 -0.000000 0.201299 0.979530 -0.000000 0.201299 0.979530 -0.000000 0.394356 0.918958 -0.000000 0.394356 0.918958 -0.000000 0.571268 0.820763 -0.000000 0.571268 0.820763 -0.000000 0.724793 0.688967 0.000000 0.724793 0.688967 0.000000 0.848644 0.528964 0.000000 0.848644 0.528964 0.000000 0.937752 0.347305 0.000000 0.937752 0.347305 0.000000 0.988468 0.151428 0.000000 0.988468 0.151428 0.000000 0.998717 -0.050649 0.000000 0.998717 -0.050649 0.000000 0.968077 -0.250653 0.000000 0.968077 -0.250653 0.000000 0.897805 -0.440394 0.000000 0.897805 -0.440394 0.000000 0.790776 -0.612106 0.000000 0.790776 -0.612106 0.000000 0.651372 -0.758758 0.000000 0.651372 -0.758758 0.000000 0.485302 -0.874347 0.000000 0.485302 -0.874347 0.000000 0.299363 -0.954139 0.000000 0.299363 -0.954139 0.000000 0.101168 -0.994869 0.000000 0.101168 -0.994869 0.000000 -0.101168 -0.994869 0.000000 -0.101168 -0.994869 0.000000 -0.299363 -0.954139 0.000000 -0.299363 -0.954139 0.000000 -0.485302 -0.874347 0.000000 -0.485302 -0.874347 0.000000 -0.651372 -0.758758 0.000000 -0.651372 -0.758758 0.000000 -0.790776 -0.612106 -0.000000 -0.790776 -0.612106 -0.000000 -0.897805 -0.440394 -0.000000 -0.897805 -0.440394 -0.000000 -0.968077 -0.250653 -0.000000 -0.968077 -0.250653 -0.000000 -0.998717 -0.050649 -0.000000 -0.998717 -0.050649 -0.000000 -0.988468 0.151428 -0.000000 -0.988468 0.151428 -0.000000 -0.937752 0.347305 -0.000000 -0.937752 0.347305 -0.000000 -0.848644 0.528964 -0.000000 -0.848644 0.528964 -0.000000 -0.724793 0.688967 -0.000000 -0.724793 0.688967 -0.000000 -0.571268 0.820763 -0.000000 -0.571268 0.820763 -0.000000 -0.394356 0.918958 -0.000000 -0.394356 0.918958 -0.000000 -0.142340 0.692632 -0.707107 -0.126259 0.695743 -0.707107 0.000000 0.707107 -0.707107 0.000000 0.707107 -0.707107 0.126259 0.695743 -0.707107 -0.248460 0.662018 -0.707107 -0.278852 0.649801 -0.707107 -0.362675 0.607015 -0.707107 -0.403948 0.580367 -0.707107 -0.465233 0.532502 -0.707107 -0.512506 0.487173 -0.707107 -0.552838 0.440874 -0.707107 -0.600082 0.374034 -0.707107 -0.622675 0.335076 -0.707107 -0.663091 0.245582 -0.707107 -0.672499 0.218508 -0.707107 -0.698953 0.107076 -0.707107 -0.700707 0.094917 -0.707107 -0.706199 -0.035814 -0.707107 -0.706395 -0.031724 -0.707107 -0.689378 -0.157346 -0.707107 -0.684534 -0.177238 -0.707107 -0.650204 -0.277911 -0.707107 -0.634844 -0.311406 -0.707107 -0.590132 -0.389543 -0.707107 -0.559163 -0.432824 -0.707107 -0.511093 -0.488655 -0.707107 -0.460590 -0.536523 -0.707107 -0.415627 -0.572061 -0.707107 -0.343160 -0.618256 -0.707107 -0.306802 -0.637081 -0.707107 -0.211682 -0.674678 -0.707107 -0.188116 -0.681625 -0.707107 -0.071537 -0.703479 -0.707107 -0.063385 -0.704260 -0.707107 0.071537 -0.703479 -0.707107 0.063385 -0.704260 -0.707107 0.188116 -0.681625 -0.707107 0.211682 -0.674678 -0.707107 0.306802 -0.637081 -0.707107 0.343160 -0.618256 -0.707107 0.415627 -0.572061 -0.707107 0.460590 -0.536523 -0.707107 0.511093 -0.488655 -0.707107 0.559163 -0.432824 -0.707107 0.590132 -0.389543 -0.707107 0.634844 -0.311406 -0.707107 0.650204 -0.277911 -0.707107 0.684534 -0.177238 -0.707107 0.689378 -0.157346 -0.707107 0.706199 -0.035814 -0.707107 0.706395 -0.031724 -0.707107 0.700707 0.094917 -0.707107 0.698953 0.107076 -0.707107 0.672499 0.218508 -0.707107 0.663091 0.245582 -0.707107 0.622675 0.335076 -0.707107 0.600082 0.374034 -0.707107 0.552838 0.440874 -0.707107 0.512506 0.487173 -0.707107 0.465233 0.532502 -0.707107 0.403948 0.580367 -0.707107 0.362675 0.607015 -0.707107 0.278852 0.649801 -0.707107 0.248460 0.662018 -0.707107 0.142340 0.692632 -0.707107 -0.201299 0.979530 -0.000000 -0.201299 0.979530 -0.000000 0.000000 1.000000 -0.000000 0.000000 1.000000 -0.000000 0.201299 0.979530 -0.000000 0.201299 0.979530 -0.000000 0.394356 0.918958 -0.000000 0.394356 0.918958 -0.000000 0.571268 0.820763 -0.000000 0.571268 0.820763 -0.000000 0.724793 0.688967 0.000000 0.724793 0.688967 0.000000 0.848644 0.528964 0.000000 0.848644 0.528964 0.000000 0.937752 0.347305 0.000000 0.937752 0.347305 0.000000 0.988468 0.151428 0.000000 0.988468 0.151428 0.000000 0.998717 -0.050649 0.000000 0.998717 -0.050649 0.000000 0.968077 -0.250653 0.000000 0.968077 -0.250653 0.000000 0.897805 -0.440394 0.000000 0.897805 -0.440394 0.000000 0.790776 -0.612106 0.000000 0.790776 -0.612106 0.000000 0.651372 -0.758758 0.000000 0.651372 -0.758758 0.000000 0.485302 -0.874347 0.000000 0.485302 -0.874347 0.000000 0.299363 -0.954139 0.000000 0.299363 -0.954139 0.000000 0.101168 -0.994869 0.000000 0.101168 -0.994869 0.000000 -0.101168 -0.994869 0.000000 -0.101168 -0.994869 0.000000 -0.299363 -0.954139 0.000000 -0.299363 -0.954139 0.000000 -0.485302 -0.874347 0.000000 -0.485302 -0.874347 0.000000 -0.651372 -0.758758 0.000000 -0.651372 -0.758758 0.000000 -0.790776 -0.612106 -0.000000 -0.790776 -0.612106 -0.000000 -0.897805 -0.440394 -0.000000 -0.897805 -0.440394 -0.000000 -0.968077 -0.250653 -0.000000 -0.968077 -0.250653 -0.000000 -0.998717 -0.050649 -0.000000 -0.998717 -0.050649 -0.000000 -0.988468 0.151428 -0.000000 -0.988468 0.151428 -0.000000 -0.937752 0.347305 -0.000000 -0.937752 0.347305 -0.000000 -0.848644 0.528964 -0.000000 -0.848644 0.528964 -0.000000 -0.724793 0.688967 -0.000000 -0.724793 0.688967 -0.000000 -0.571268 0.820763 -0.000000 -0.571268 0.820763 -0.000000 -0.394356 0.918958 -0.000000 -0.394356 0.918958 -0.000000 -0.152649 0.988280 -0.000000 -0.152649 0.988280 -0.000000 0.000000 1.000000 -0.000000 0.000000 1.000000 -0.000000 0.152649 0.988280 -0.000000 0.152649 0.988280 -0.000000 0.301721 0.953396 -0.000000 0.301721 0.953396 -0.000000 0.443720 0.896166 -0.000000 0.443720 0.896166 -0.000000 0.575319 0.817929 -0.000000 0.575319 0.817929 -0.000000 0.693433 0.720522 -0.000000 0.693433 0.720522 -0.000000 0.795293 0.606225 0.000000 0.795293 0.606225 0.000000 0.878512 0.477720 0.000000 0.878512 0.477720 0.000000 0.941140 0.338017 0.000000 0.941140 0.338017 0.000000 0.981708 0.190391 0.000000 0.981708 0.190391 0.000000 0.999266 0.038303 0.000000 0.999266 0.038303 0.000000 0.993402 -0.114683 0.000000 0.993402 -0.114683 0.000000 0.964253 -0.264982 0.000000 0.964253 -0.264982 0.000000 0.912504 -0.409069 0.000000 0.912504 -0.409069 0.000000 0.839365 -0.543568 0.000000 0.839365 -0.543568 0.000000 0.746553 -0.665326 0.000000 0.746553 -0.665326 0.000000 0.636242 -0.771489 0.000000 0.636242 -0.771489 0.000000 0.511019 -0.859570 0.000000 0.511019 -0.859570 0.000000 0.373817 -0.927502 0.000000 0.373817 -0.927502 0.000000 0.227854 -0.973695 0.000000 0.227854 -0.973695 0.000000 0.076549 -0.997066 0.000000 0.076549 -0.997066 0.000000 -0.076549 -0.997066 0.000000 -0.076549 -0.997066 0.000000 -0.227854 -0.973695 0.000000 -0.227854 -0.973695 0.000000 -0.373817 -0.927502 0.000000 -0.373817 -0.927502 0.000000 -0.511019 -0.859570 0.000000 -0.511019 -0.859570 0.000000 -0.636242 -0.771489 0.000000 -0.636242 -0.771489 0.000000 -0.746553 -0.665326 -0.000000 -0.746553 -0.665326 -0.000000 -0.839365 -0.543568 -0.000000 -0.839365 -0.543568 -0.000000 -0.912504 -0.409069 -0.000000 -0.912504 -0.409069 -0.000000 -0.964253 -0.264982 -0.000000 -0.964253 -0.264982 -0.000000 -0.993402 -0.114683 -0.000000 -0.993402 -0.114683 -0.000000 -0.999266 0.038303 -0.000000 -0.999266 0.038303 -0.000000 -0.981708 0.190391 -0.000000 -0.981708 0.190391 -0.000000 -0.941140 0.338017 -0.000000 -0.941140 0.338017 -0.000000 -0.878512 0.477720 -0.000000 -0.878512 0.477720 -0.000000 -0.795293 0.606225 -0.000000 -0.795293 0.606225 -0.000000 -0.693433 0.720522 -0.000000 -0.693433 0.720522 -0.000000 -0.575319 0.817929 -0.000000 -0.575319 0.817929 -0.000000 -0.443720 0.896166 -0.000000 -0.443720 0.896166 -0.000000 -0.301721 0.953396 -0.000000 -0.301721 0.953396 -0.000000 -0.000000 0.000000 -1.000000 -0.000000 0.000000 -1.000000 -0.000000 0.000000 -1.000000 -0.000000 0.000000 -1.000000 -0.000000 0.000000 -1.000000 -0.000000 0.000000 -1.000000 -0.000000 0.000000 -1.000000 -0.000000 0.000000 -1.000000 -0.000000 0.000000 -1.000000 -0.000000 0.000000 -1.000000 -0.000000 0.000000 -1.000000 -0.000000 0.000000 -1.000000 -0.000000 0.000000 -1.000000 -0.000000 0.000000 -1.000000 -0.000000 0.000000 -1.000000 -0.000000 0.000000 -1.000000 -0.000000 0.000000 -1.000000 -0.000000 0.000000 -1.000000 -0.000000 0.000000 -1.000000 -0.000000 0.000000 -1.000000 -0.000000 0.000000 -1.000000 -0.000000 0.000000 -1.000000 -0.000000 0.000000 -1.000000 -0.000000 0.000000 -1.000000 -0.000000 0.000000 -1.000000 -0.000000 0.000000 -1.000000 -0.000000 0.000000 -1.000000 -0.000000 0.000000 -1.000000 -0.000000 0.000000 -1.000000 -0.000000 0.000000 -1.000000 -0.000000 0.000000 -1.000000 -0.000000 0.000000 -1.000000 -0.000000 0.000000 -1.000000 -0.000000 0.000000 -1.000000 -0.000000 0.000000 -1.000000 -0.000000 0.000000 -1.000000 -0.000000 0.000000 -1.000000 -0.000000 0.000000 -1.000000 -0.000000 0.000000 -1.000000 -0.000000 0.000000 -1.000000 -0.000000 0.000000 -1.000000 -0.000000 0.000000 -1.000000 -0.000000 0.000000 -1.000000 -0.000000 0.000000 -1.000000 -0.000000 0.000000 -1.000000 -0.000000 0.000000 -1.000000 -0.000000 0.000000 -1.000000 -0.000000 0.000000 -1.000000 -0.000000 0.000000 -1.000000 -0.000000 0.000000 -1.000000 -0.000000 0.000000 -1.000000 -0.000000 0.000000 -1.000000 -0.000000 0.000000 -1.000000 -0.000000 0.000000 -1.000000 -0.000000 0.000000 -1.000000 -0.000000 0.000000 -1.000000 -0.000000 0.000000 -1.000000 -0.000000 0.000000 -1.000000 -0.000000 0.000000 -1.000000 -0.000000 0.000000 -1.000000 -0.000000 0.000000 -1.000000 -0.000000 0.000000 -1.000000 -0.000000 0.000000 -1.000000 -0.000000 0.000000 -1.000000 -0.000000 0.000000 -1.000000 -0.000000 0.000000 -1.000000 -0.000000 0.000000 -1.000000 -0.000000 0.000000 -1.000000 -0.000000 0.000000 -1.000000 -0.000000 0.000000 -1.000000 -0.000000 0.000000 -1.000000 -0.000000 0.000000 -1.000000 -0.000000 0.000000 -1.000000 -0.000000 0.000000 -1.000000 -0.000000 0.000000 -1.000000 -0.000000 0.000000 -1.000000 -0.000000 0.000000 -1.000000 -0.000000 0.000000 -1.000000 -0.000000 0.000000 -1.000000 -0.000000 0.000000 -1.000000 -0.000000 0.000000 -1.000000 -0.000000 0.000000 -1.000000 -0.000000 0.000000 -1.000000 -0.000000 0.000000 -1.000000 -0.000000 0.000000 -1.000000 -0.000000 0.000000 -1.000000 -0.000000 0.000000 -1.000000 -0.000000 0.000000 -1.000000 -0.000000 0.000000 -1.000000 -0.000000 0.000000 -1.000000 -0.000000 0.000000 -1.000000 -0.000000 0.000000 -1.000000 -0.000000 0.000000 -1.000000 -0.000000 0.000000 -1.000000 -0.000000 0.000000 -1.000000 -0.000000 0.000000 -1.000000 -0.000000 0.000000 -1.000000 -0.000000 0.000000 -1.000000 -0.000000 0.000000 -1.000000 -0.000000 0.000000 -1.000000 -0.000000 0.000000 -1.000000 -0.000000 0.000000 -1.000000 -0.000000 0.000000 -1.000000 -0.000000 0.000000 -1.000000 -0.000000 0.000000 -1.000000 -0.000000 0.000000 -1.000000 -0.000000 0.000000 -1.000000 -0.000000 0.000000 -1.000000 -0.000000 0.000000 -1.000000 -0.000000 0.000000 -1.000000 -0.000000 0.000000 -1.000000 -0.000000 0.000000 -1.000000 -0.000000 0.000000 -1.000000 -0.000000 0.000000 -1.000000 -0.000000 0.000000 -1.000000 -0.000000 0.000000 -1.000000 -0.000000 0.000000 -1.000000 -0.000000 0.000000 -1.000000 -0.000000 0.000000 -1.000000 -0.000000 0.000000 -1.000000 -0.000000 0.000000 -1.000000 -0.000000 0.000000 -1.000000 -0.000000 0.000000 -1.000000 -0.000000 0.000000 -1.000000 -0.000000 0.000000 -1.000000 -0.000000 0.000000 -1.000000 -0.000000 0.000000 -1.000000 -0.000000 0.000000 -1.000000 -0.000000 0.000000 -1.000000 -0.000000 0.000000 -1.000000 -0.000000 0.000000 -1.000000 -0.000000 0.000000 -1.000000 -0.000000 0.000000 -1.000000 -0.000000 0.000000 -1.000000 -0.000000 0.000000 -1.000000 -0.000000 0.000000 -1.000000 -0.000000 0.000000 -1.000000 -0.000000 0.000000 -1.000000 -0.000000 0.000000 -1.000000 -0.000000 0.000000 -1.000000 -0.000000 0.000000 -1.000000 -0.000000 0.000000 -1.000000 -0.000000 0.000000 -1.000000 -0.000000 0.000000 -1.000000 -0.000000 0.000000 -1.000000 -0.000000 0.000000 -1.000000 -0.000000 0.000000 -1.000000 -0.000000 0.000000 -1.000000 -0.000000 0.000000 -1.000000 -0.000000 0.000000 -1.000000 -0.000000 0.000000 -1.000000 -0.000000 0.000000 -1.000000 -0.000000 0.000000 -1.000000 -0.000000 0.000000 -1.000000 -0.000000 0.000000 -1.000000 -0.000000 0.000000 -1.000000 -0.000000 0.000000 -1.000000 -0.000000 0.000000 -1.000000 -0.000000 0.000000 -1.000000 -0.000000 0.000000 -1.000000 -0.000000 0.000000 -1.000000 -0.000000 0.000000 -1.000000 -0.000000 0.000000 -1.000000 -0.000000 0.000000 -1.000000 -0.000000 0.000000 -1.000000 -0.119502 -0.696936 0.707107 -0.110616 -0.698401 0.707107 -0.000000 -0.707107 0.707107 -0.000000 -0.707107 0.707107 0.110616 -0.698401 0.707107 -0.218508 -0.672499 0.707107 -0.235565 -0.666715 0.707107 -0.321020 -0.630037 0.707107 -0.344852 -0.617314 0.707107 -0.415627 -0.572061 0.707107 -0.444219 -0.550154 0.707107 -0.500000 -0.500000 0.707107 -0.530805 -0.467168 0.707107 -0.572061 -0.415627 0.707107 -0.602122 -0.370741 0.707107 -0.630037 -0.321020 0.707107 -0.656117 -0.263649 0.707107 -0.672499 -0.218508 0.707107 -0.691236 -0.148973 0.707107 -0.698401 -0.110616 0.707107 -0.706470 -0.030010 0.707107 -0.707107 0.000000 0.707107 -0.701380 0.089815 0.707107 -0.698401 0.110616 0.707107 -0.676112 0.207057 0.707107 -0.672499 0.218508 0.707107 -0.631394 0.318342 0.707107 -0.630037 0.321020 0.707107 -0.572061 0.415627 0.707107 -0.568512 0.420469 0.707107 -0.500000 0.500000 0.707107 -0.489275 0.510500 0.707107 -0.415627 0.572061 0.707107 -0.395962 0.585845 0.707107 -0.321020 0.630037 0.707107 -0.291258 0.644336 0.707107 -0.218508 0.672499 0.707107 -0.178175 0.684291 0.707107 -0.110616 0.698401 0.707107 -0.059967 0.704559 0.707107 0.000000 0.707107 0.707107 0.059967 0.704559 0.707107 0.110616 0.698401 0.707107 0.178175 0.684291 0.707107 0.218508 0.672499 0.707107 0.291258 0.644336 0.707107 0.321020 0.630037 0.707107 0.395962 0.585845 0.707107 0.415627 0.572061 0.707107 0.489275 0.510500 0.707107 0.500000 0.500000 0.707107 0.568512 0.420469 0.707107 0.572061 0.415627 0.707107 0.631394 0.318342 0.707107 0.630037 0.321020 0.707107 0.672499 0.218508 0.707107 0.676112 0.207057 0.707107 0.698401 0.110616 0.707107 0.701380 0.089815 0.707107 0.707107 -0.000000 0.707107 0.706470 -0.030010 0.707107 0.698401 -0.110616 0.707107 0.691236 -0.148973 0.707107 0.672499 -0.218508 0.707107 0.656117 -0.263649 0.707107 0.630037 -0.321020 0.707107 0.602122 -0.370741 0.707107 0.572061 -0.415627 0.707107 0.530805 -0.467168 0.707107 0.500000 -0.500000 0.707107 0.444219 -0.550154 0.707107 0.415627 -0.572061 0.707107 0.344852 -0.617314 0.707107 0.321020 -0.630037 0.707107 0.235565 -0.666715 0.707107 0.218508 -0.672499 0.707107 0.119502 -0.696936 0.707107 0.000000 -0.000000 1.000000 0.000000 -0.000000 1.000000 0.000000 -0.000000 1.000000 0.000000 -0.000000 1.000000 0.000000 -0.000000 1.000000 0.000000 -0.000000 1.000000 0.000000 -0.000000 1.000000 0.000000 -0.000000 1.000000 0.000000 -0.000000 1.000000 0.000000 -0.000000 1.000000 0.000000 -0.000000 1.000000 0.000000 -0.000000 1.000000 0.000000 -0.000000 1.000000 0.000000 -0.000000 1.000000 0.000000 -0.000000 1.000000 0.000000 -0.000000 1.000000 0.000000 -0.000000 1.000000 0.000000 -0.000000 1.000000 0.000000 -0.000000 1.000000 0.000000 -0.000000 1.000000 0.000000 -0.000000 1.000000 0.000000 -0.000000 1.000000 0.000000 -0.000000 1.000000 0.000000 -0.000000 1.000000 0.000000 -0.000000 1.000000 0.000000 -0.000000 1.000000 0.000000 -0.000000 1.000000 0.000000 -0.000000 1.000000 0.000000 -0.000000 1.000000 0.000000 -0.000000 1.000000 0.000000 -0.000000 1.000000 0.000000 -0.000000 1.000000 0.000000 -0.000000 1.000000 0.000000 -0.000000 1.000000 0.000000 -0.000000 1.000000 0.000000 -0.000000 1.000000 0.000000 -0.000000 1.000000 0.000000 -0.000000 1.000000 0.000000 -0.000000 1.000000 0.000000 -0.000000 1.000000 0.000000 -0.000000 1.000000 0.000000 -0.000000 1.000000 0.000000 -0.000000 1.000000 0.000000 -0.000000 1.000000 0.000000 -0.000000 1.000000 0.000000 -0.000000 1.000000 0.000000 -0.000000 1.000000 0.000000 -0.000000 1.000000 0.000000 -0.000000 1.000000 0.000000 -0.000000 1.000000 0.000000 -0.000000 1.000000 0.000000 -0.000000 1.000000 0.000000 -0.000000 1.000000 0.000000 -0.000000 1.000000 0.000000 -0.000000 1.000000 0.000000 -0.000000 1.000000 0.000000 -0.000000 1.000000 0.000000 -0.000000 1.000000 0.000000 -0.000000 1.000000 0.000000 -0.000000 1.000000 0.000000 -0.000000 1.000000 0.000000 -0.000000 1.000000 0.000000 -0.000000 1.000000 0.000000 -0.000000 1.000000 0.000000 -0.000000 1.000000 0.000000 -0.000000 1.000000 0.000000 -0.000000 1.000000 0.000000 -0.000000 1.000000 0.000000 -0.000000 1.000000 0.000000 -0.000000 1.000000 0.000000 -0.000000 1.000000 0.000000 -0.000000 1.000000 0.000000 -0.000000 1.000000 0.000000 -0.000000 1.000000 0.000000 -0.000000 1.000000 0.000000 -0.000000 1.000000 0.000000 -0.000000 1.000000 0.000000 -0.000000 1.000000 0.000000 -0.000000 1.000000 0.000000 -0.000000 1.000000 0.000000 -0.000000 1.000000 0.000000 -0.000000 1.000000 0.000000 -0.000000 1.000000 0.000000 -0.000000 1.000000 0.000000 -0.000000 1.000000 0.000000 -0.000000 1.000000 0.000000 -0.000000 1.000000 0.000000 -0.000000 1.000000 0.000000 -0.000000 1.000000 0.000000 -0.000000 1.000000 0.000000 -0.000000 1.000000 0.000000 -0.000000 1.000000 0.000000 -0.000000 1.000000 0.000000 -0.000000 1.000000 0.000000 -0.000000 1.000000 0.000000 -0.000000 1.000000 0.000000 -0.000000 1.000000 0.000000 -0.000000 1.000000 0.000000 -0.000000 1.000000 0.000000 -0.000000 1.000000 0.000000 -0.000000 1.000000 0.000000 -0.000000 1.000000 0.000000 -0.000000 1.000000 0.000000 -0.000000 1.000000 0.000000 -0.000000 1.000000 0.000000 -0.000000 1.000000 0.000000 -0.000000 1.000000 0.000000 -0.000000 1.000000 0.000000 -0.000000 1.000000 0.000000 -0.000000 1.000000 0.000000 -0.000000 1.000000 0.000000 -0.000000 1.000000 0.000000 -0.000000 1.000000 0.000000 -0.000000 1.000000 0.000000 -0.000000 1.000000 0.000000 -0.000000 1.000000 0.000000 -0.000000 1.000000 0.000000 -0.000000 1.000000 0.000000 -0.000000 1.000000 0.000000 -0.000000 1.000000 0.000000 -0.000000 1.000000 0.000000 -0.000000 1.000000 0.000000 -0.000000 1.000000 0.000000 -0.000000 1.000000 0.000000 -0.000000 1.000000 0.000000 -0.000000 1.000000 0.000000 -0.000000 1.000000 0.000000 -0.000000 1.000000 0.000000 -0.000000 1.000000 0.000000 -0.000000 1.000000 0.000000 -0.000000 1.000000 0.000000 -0.000000 1.000000 0.000000 -0.000000 1.000000 0.000000 -0.000000 1.000000 0.000000 -0.000000 1.000000 0.000000 -0.000000 1.000000 0.000000 -0.000000 1.000000 0.000000 -0.000000 1.000000 0.000000 -0.000000 1.000000 0.000000 -0.000000 1.000000 0.000000 -0.000000 1.000000 0.000000 -0.000000 1.000000 0.000000 -0.000000 1.000000 0.000000 -0.000000 1.000000 0.000000 -0.000000 1.000000 0.000000 -0.000000 1.000000 0.000000 -0.000000 1.000000 0.000000 -0.000000 1.000000 0.000000 -0.000000 1.000000 0.000000 -0.000000 1.000000 0.000000 -0.000000 1.000000 0.000000 -0.000000 1.000000 0.000000 -0.000000 1.000000 0.000000 -0.000000 1.000000 0.000000 -0.000000 1.000000 0.000000 -0.000000 1.000000 0.000000 -0.000000 1.000000 0.000000 -0.000000 1.000000 0.000000 -0.000000 1.000000 0.000000 -0.000000 1.000000 0.000000 -0.000000 1.000000 0.000000 -0.000000 1.000000 0.000000 -0.000000 1.000000 0.000000 -0.000000 1.000000 0.000000 -0.000000 1.000000 0.000000 -0.000000 1.000000 0.000000 -0.000000 1.000000 0.000000 -0.000000 1.000000 0.000000 -0.000000 1.000000 0.000000 -0.000000 1.000000 0.000000 -0.000000 1.000000 0.000000 -0.000000 1.000000 0.000000 -0.000000 1.000000 0.000000 -0.000000 1.000000 0.000000 -0.000000 1.000000 0.000000 -0.000000 1.000000 0.000000 -0.000000 1.000000 0.000000 -0.000000 1.000000 0.000000 -0.000000 1.000000 0.000000 -0.000000 1.000000 0.000000 -0.000000 1.000000 0.000000 -0.000000 1.000000 0.000000 -0.000000 1.000000 0.000000 -0.000000 1.000000 0.000000 -0.000000 1.000000 0.000000 -0.000000 1.000000 0.000000 -0.000000 1.000000 0.000000 -0.000000 1.000000 0.000000 -0.000000 1.000000 0.000000 -0.000000 1.000000 0.000000 -0.000000 1.000000 0.000000 -0.000000 1.000000 0.000000 -0.000000 1.000000 0.000000 -0.000000 1.000000 0.000000 -0.000000 1.000000 0.000000 -0.000000 1.000000 0.000000 -0.000000 1.000000 0.000000 -0.000000 1.000000 0.000000 -0.000000 1.000000 0.000000 -0.000000 1.000000 0.000000 -0.000000 1.000000 0.000000 -0.000000 1.000000 0.000000 -0.000000 1.000000 0.000000 -0.000000 1.000000 0.000000 -0.000000 1.000000 0.000000 -0.000000 1.000000 0.000000 -0.000000 1.000000 0.000000 -0.000000 1.000000 0.000000 -0.000000 1.000000 0.000000 -0.000000 1.000000 0.000000 -0.000000 1.000000 0.000000 -0.000000 1.000000 0.000000 -0.000000 1.000000 0.000000 -0.000000 1.000000 0.000000 -0.000000 1.000000 0.000000 -0.000000 1.000000 0.000000 -0.000000 1.000000 0.000000 -0.000000 1.000000 0.000000 -0.000000 1.000000 0.000000 -0.000000 1.000000 0.000000 -0.000000 1.000000 0.000000 -0.000000 1.000000 0.000000 -0.000000 1.000000 0.000000 -0.000000 1.000000 0.000000 -0.000000 1.000000 0.000000 -0.000000 1.000000 0.000000 -0.000000 1.000000 0.000000 -0.000000 1.000000 0.000000 -0.000000 1.000000 0.000000 -0.000000 1.000000 0.000000 -0.000000 1.000000 0.000000 -0.000000 1.000000 0.000000 -0.000000 1.000000 0.000000 -0.000000 1.000000 0.000000 -0.000000 1.000000 0.000000 -0.000000 1.000000 0.000000 -0.000000 1.000000 0.000000 -0.000000 1.000000 0.000000 -0.000000 1.000000 0.000000 -0.000000 1.000000 0.000000 -0.000000 1.000000 0.000000 -0.000000 1.000000 0.000000 -0.000000 1.000000 0.000000 -0.000000 1.000000 0.000000 -0.000000 1.000000 0.000000 -0.000000 1.000000 0.000000 -0.000000 1.000000 0.000000 -0.000000 1.000000 0.000000 -0.000000 1.000000 0.000000 -0.000000 1.000000 0.000000 -0.000000 1.000000 0.000000 -0.000000 1.000000 0.000000 -0.000000 1.000000 0.000000 -0.000000 1.000000 0.000000 -0.000000 1.000000 0.000000 -0.000000 1.000000 0.000000 -0.000000 1.000000 0.000000 -0.000000 1.000000 0.000000 -0.000000 1.000000 0.000000 -0.000000 1.000000 0.000000 -0.000000 1.000000 0.000000 -0.000000 1.000000 0.000000 -0.000000 1.000000 0.000000 -0.000000 1.000000 0.000000 -0.000000 1.000000 0.000000 -0.000000 1.000000 0.000000 -0.000000 1.000000 0.000000 -0.000000 1.000000 0.000000 -0.000000 1.000000 0.000000 -0.000000 1.000000 0.000000 -0.000000 1.000000 0.000000 -0.000000 1.000000 0.000000 -0.000000 1.000000 0.000000 -0.000000 1.000000 0.000000 -0.000000 1.000000 0.000000 -0.000000 1.000000 0.000000 -0.000000 1.000000 0.000000 -0.000000 1.000000 0.000000 -0.000000 1.000000 0.000000 -0.000000 1.000000 0.000000 -0.000000 1.000000 0.000000 -0.000000 1.000000 0.000000 -0.000000 1.000000 0.000000 -0.000000 1.000000 0.000000 -0.000000 1.000000 0.000000 -0.000000 1.000000 0.000000 -0.000000 1.000000 0.000000 -0.000000 1.000000 0.000000 -0.000000 1.000000 0.000000 -0.000000 1.000000 0.000000 -0.000000 1.000000 0.000000 -0.000000 1.000000 0.000000 -0.000000 1.000000 0.000000 -0.000000 1.000000 0.000000 -0.000000 1.000000 0.000000 -0.000000 1.000000 0.000000 -0.000000 1.000000 0.000000 -0.000000 1.000000 0.000000 -0.000000 1.000000 0.000000 -0.000000 1.000000 0.000000 -0.000000 1.000000 0.000000 -0.000000 1.000000 0.000000 -0.000000 1.000000 0.000000 -0.000000 1.000000 0.000000 -0.000000 1.000000 0.000000 -0.000000 1.000000 0.000000 -0.000000 1.000000 0.000000 -0.000000 1.000000 0.000000 -0.000000 1.000000 0.000000 -0.000000 1.000000 0.000000 -0.000000 1.000000 0.000000 -0.000000 1.000000 0.000000 -0.000000 1.000000 0.000000 -0.000000 1.000000 0.000000 -0.000000 1.000000 0.000000 -0.000000 1.000000 0.000000 -0.000000 1.000000 0.000000 -0.000000 1.000000 0.000000 -0.000000 1.000000 0.000000 -0.000000 1.000000 0.000000 -0.000000 1.000000 0.000000 -0.000000 1.000000 0.000000 -0.000000 1.000000 0.000000 -0.000000 1.000000 0.000000 -0.000000 1.000000 0.000000 -0.000000 1.000000 0.000000 -0.000000 1.000000 0.000000 -0.000000 1.000000 0.000000 -0.000000 1.000000 0.000000 -0.000000 1.000000 0.000000 -0.000000 1.000000 0.000000 -0.000000 1.000000 0.000000 -0.000000 1.000000 0.000000 -0.000000 1.000000 0.000000 -0.000000 1.000000 0.000000 -0.000000 1.000000 0.000000 -0.000000 1.000000 0.000000 -0.000000 1.000000 -0.169001 -0.985616 0.000000 -0.169001 -0.985616 0.000000 -0.000000 -1.000000 0.000000 -0.000000 -1.000000 0.000000 0.169001 -0.985616 0.000000 0.169001 -0.985616 0.000000 0.333140 -0.942877 0.000000 0.333140 -0.942877 0.000000 0.487695 -0.873014 0.000000 0.487695 -0.873014 0.000000 0.628220 -0.778036 0.000000 0.628220 -0.778036 0.000000 0.750672 -0.660675 0.000000 0.750672 -0.660675 0.000000 0.851529 -0.524307 0.000000 0.851529 -0.524307 0.000000 0.927889 -0.372856 0.000000 0.927889 -0.372856 0.000000 0.977555 -0.210679 0.000000 0.977555 -0.210679 0.000000 0.999099 -0.042441 0.000000 0.999099 -0.042441 0.000000 0.991900 0.127018 0.000000 0.991900 0.127018 0.000000 0.956167 0.292823 0.000000 0.956167 0.292823 0.000000 0.892926 0.450204 0.000000 0.892926 0.450204 0.000000 0.803997 0.594633 0.000000 0.803997 0.594633 0.000000 0.691939 0.721956 -0.000000 0.691939 0.721956 -0.000000 0.559975 0.828510 -0.000000 0.559975 0.828510 -0.000000 0.411901 0.911228 -0.000000 0.411901 0.911228 -0.000000 0.251978 0.967733 -0.000000 0.251978 0.967733 -0.000000 0.084806 0.996397 -0.000000 0.084806 0.996397 -0.000000 -0.084806 0.996397 -0.000000 -0.084806 0.996397 -0.000000 -0.251978 0.967733 -0.000000 -0.251978 0.967733 -0.000000 -0.411901 0.911228 -0.000000 -0.411901 0.911228 -0.000000 -0.559975 0.828510 -0.000000 -0.559975 0.828510 -0.000000 -0.691939 0.721956 -0.000000 -0.691939 0.721956 -0.000000 -0.803997 0.594633 -0.000000 -0.803997 0.594633 -0.000000 -0.892926 0.450204 -0.000000 -0.892926 0.450204 -0.000000 -0.956167 0.292823 -0.000000 -0.956167 0.292823 -0.000000 -0.991900 0.127018 -0.000000 -0.991900 0.127018 -0.000000 -0.999099 -0.042441 -0.000000 -0.999099 -0.042441 -0.000000 -0.977555 -0.210679 -0.000000 -0.977555 -0.210679 -0.000000 -0.927889 -0.372856 -0.000000 -0.927889 -0.372856 -0.000000 -0.851529 -0.524307 -0.000000 -0.851529 -0.524307 -0.000000 -0.750672 -0.660675 -0.000000 -0.750672 -0.660675 -0.000000 -0.628220 -0.778036 0.000000 -0.628220 -0.778036 0.000000 -0.487695 -0.873014 0.000000 -0.487695 -0.873014 0.000000 -0.333140 -0.942877 0.000000 -0.333140 -0.942877 0.000000 -0.119502 -0.696936 0.707107 -0.110616 -0.698401 0.707107 -0.000000 -0.707107 0.707107 -0.000000 -0.707107 0.707107 0.110616 -0.698401 0.707107 -0.218508 -0.672499 0.707107 -0.235565 -0.666715 0.707107 -0.321020 -0.630037 0.707107 -0.344852 -0.617314 0.707107 -0.415627 -0.572061 0.707107 -0.444219 -0.550154 0.707107 -0.500000 -0.500000 0.707107 -0.530805 -0.467168 0.707107 -0.572061 -0.415627 0.707107 -0.602122 -0.370741 0.707107 -0.630037 -0.321020 0.707107 -0.656117 -0.263649 0.707107 -0.672499 -0.218508 0.707107 -0.691236 -0.148973 0.707107 -0.698401 -0.110616 0.707107 -0.706470 -0.030010 0.707107 -0.707107 0.000000 0.707107 -0.701380 0.089815 0.707107 -0.698401 0.110616 0.707107 -0.676112 0.207057 0.707107 -0.672499 0.218508 0.707107 -0.631394 0.318342 0.707107 -0.630037 0.321020 0.707107 -0.572061 0.415627 0.707107 -0.568512 0.420469 0.707107 -0.500000 0.500000 0.707107 -0.489275 0.510500 0.707107 -0.415627 0.572061 0.707107 -0.395962 0.585845 0.707107 -0.321020 0.630037 0.707107 -0.291258 0.644336 0.707107 -0.218508 0.672499 0.707107 -0.178175 0.684291 0.707107 -0.110616 0.698401 0.707107 -0.059967 0.704559 0.707107 0.000000 0.707107 0.707107 0.059967 0.704559 0.707107 0.110616 0.698401 0.707107 0.178175 0.684291 0.707107 0.218508 0.672499 0.707107 0.291258 0.644336 0.707107 0.321020 0.630037 0.707107 0.395962 0.585845 0.707107 0.415627 0.572061 0.707107 0.489275 0.510500 0.707107 0.500000 0.500000 0.707107 0.568512 0.420469 0.707107 0.572061 0.415627 0.707107 0.631394 0.318342 0.707107 0.630037 0.321020 0.707107 0.672499 0.218508 0.707107 0.676112 0.207057 0.707107 0.698401 0.110616 0.707107 0.701380 0.089815 0.707107 0.707107 -0.000000 0.707107 0.706470 -0.030010 0.707107 0.698401 -0.110616 0.707107 0.691236 -0.148973 0.707107 0.672499 -0.218508 0.707107 0.656117 -0.263649 0.707107 0.630037 -0.321020 0.707107 0.602122 -0.370741 0.707107 0.572061 -0.415627 0.707107 0.530805 -0.467168 0.707107 0.500000 -0.500000 0.707107 0.444219 -0.550154 0.707107 0.415627 -0.572061 0.707107 0.344852 -0.617314 0.707107 0.321020 -0.630037 0.707107 0.235565 -0.666715 0.707107 0.218508 -0.672499 0.707107 0.119502 -0.696936 0.707107 -0.169001 -0.985616 0.000000 -0.169001 -0.985616 0.000000 -0.000000 -1.000000 0.000000 -0.000000 -1.000000 0.000000 0.169001 -0.985616 0.000000 0.169001 -0.985616 0.000000 0.333140 -0.942877 0.000000 0.333140 -0.942877 0.000000 0.487695 -0.873014 0.000000 0.487695 -0.873014 0.000000 0.628220 -0.778036 0.000000 0.628220 -0.778036 0.000000 0.750672 -0.660675 0.000000 0.750672 -0.660675 0.000000 0.851529 -0.524307 0.000000 0.851529 -0.524307 0.000000 0.927889 -0.372856 0.000000 0.927889 -0.372856 0.000000 0.977555 -0.210679 0.000000 0.977555 -0.210679 0.000000 0.999099 -0.042441 0.000000 0.999099 -0.042441 0.000000 0.991900 0.127018 0.000000 0.991900 0.127018 0.000000 0.956167 0.292823 0.000000 0.956167 0.292823 0.000000 0.892926 0.450204 0.000000 0.892926 0.450204 0.000000 0.803997 0.594633 0.000000 0.803997 0.594633 0.000000 0.691939 0.721956 -0.000000 0.691939 0.721956 -0.000000 0.559975 0.828510 -0.000000 0.559975 0.828510 -0.000000 0.411901 0.911228 -0.000000 0.411901 0.911228 -0.000000 0.251978 0.967733 -0.000000 0.251978 0.967733 -0.000000 0.084806 0.996397 -0.000000 0.084806 0.996397 -0.000000 -0.084806 0.996397 -0.000000 -0.084806 0.996397 -0.000000 -0.251978 0.967733 -0.000000 -0.251978 0.967733 -0.000000 -0.411901 0.911228 -0.000000 -0.411901 0.911228 -0.000000 -0.559975 0.828510 -0.000000 -0.559975 0.828510 -0.000000 -0.691939 0.721956 -0.000000 -0.691939 0.721956 -0.000000 -0.803997 0.594633 -0.000000 -0.803997 0.594633 -0.000000 -0.892926 0.450204 -0.000000 -0.892926 0.450204 -0.000000 -0.956167 0.292823 -0.000000 -0.956167 0.292823 -0.000000 -0.991900 0.127018 -0.000000 -0.991900 0.127018 -0.000000 -0.999099 -0.042441 -0.000000 -0.999099 -0.042441 -0.000000 -0.977555 -0.210679 -0.000000 -0.977555 -0.210679 -0.000000 -0.927889 -0.372856 -0.000000 -0.927889 -0.372856 -0.000000 -0.851529 -0.524307 -0.000000 -0.851529 -0.524307 -0.000000 -0.750672 -0.660675 -0.000000 -0.750672 -0.660675 -0.000000 -0.628220 -0.778036 0.000000 -0.628220 -0.778036 0.000000 -0.487695 -0.873014 0.000000 -0.487695 -0.873014 0.000000 -0.333140 -0.942877 0.000000 -0.333140 -0.942877 0.000000 -0.119502 -0.696936 0.707107 -0.110616 -0.698401 0.707107 -0.000000 -0.707107 0.707107 -0.000000 -0.707107 0.707107 0.110616 -0.698401 0.707107 -0.218508 -0.672499 0.707107 -0.235565 -0.666715 0.707107 -0.321020 -0.630037 0.707107 -0.344852 -0.617314 0.707107 -0.415627 -0.572061 0.707107 -0.444219 -0.550154 0.707107 -0.500000 -0.500000 0.707107 -0.530805 -0.467168 0.707107 -0.572061 -0.415627 0.707107 -0.602122 -0.370741 0.707107 -0.630037 -0.321020 0.707107 -0.656117 -0.263649 0.707107 -0.672499 -0.218508 0.707107 -0.691236 -0.148973 0.707107 -0.698401 -0.110616 0.707107 -0.706470 -0.030010 0.707107 -0.707107 0.000000 0.707107 -0.701380 0.089815 0.707107 -0.698401 0.110616 0.707107 -0.676112 0.207057 0.707107 -0.672499 0.218508 0.707107 -0.631394 0.318342 0.707107 -0.630037 0.321020 0.707107 -0.572061 0.415627 0.707107 -0.568512 0.420469 0.707107 -0.500000 0.500000 0.707107 -0.489275 0.510500 0.707107 -0.415627 0.572061 0.707107 -0.395962 0.585845 0.707107 -0.321020 0.630037 0.707107 -0.291258 0.644336 0.707107 -0.218508 0.672499 0.707107 -0.178175 0.684291 0.707107 -0.110616 0.698401 0.707107 -0.059967 0.704559 0.707107 0.000000 0.707107 0.707107 0.059967 0.704559 0.707107 0.110616 0.698401 0.707107 0.178175 0.684291 0.707107 0.218508 0.672499 0.707107 0.291258 0.644336 0.707107 0.321020 0.630037 0.707107 0.395962 0.585845 0.707107 0.415627 0.572061 0.707107 0.489275 0.510500 0.707107 0.500000 0.500000 0.707107 0.568512 0.420469 0.707107 0.572061 0.415627 0.707107 0.631394 0.318342 0.707107 0.630037 0.321020 0.707107 0.672499 0.218508 0.707107 0.676112 0.207057 0.707107 0.698401 0.110616 0.707107 0.701380 0.089815 0.707107 0.707107 -0.000000 0.707107 0.706470 -0.030010 0.707107 0.698401 -0.110616 0.707107 0.691236 -0.148973 0.707107 0.672499 -0.218508 0.707107 0.656117 -0.263649 0.707107 0.630037 -0.321020 0.707107 0.602122 -0.370741 0.707107 0.572061 -0.415627 0.707107 0.530805 -0.467168 0.707107 0.500000 -0.500000 0.707107 0.444219 -0.550154 0.707107 0.415627 -0.572061 0.707107 0.344852 -0.617314 0.707107 0.321020 -0.630037 0.707107 0.235565 -0.666715 0.707107 0.218508 -0.672499 0.707107 0.119502 -0.696936 0.707107 -0.169001 -0.985616 0.000000 -0.169001 -0.985616 0.000000 -0.000000 -1.000000 0.000000 -0.000000 -1.000000 0.000000 0.169001 -0.985616 0.000000 0.169001 -0.985616 0.000000 0.333140 -0.942877 0.000000 0.333140 -0.942877 0.000000 0.487695 -0.873014 0.000000 0.487695 -0.873014 0.000000 0.628220 -0.778036 0.000000 0.628220 -0.778036 0.000000 0.750672 -0.660675 0.000000 0.750672 -0.660675 0.000000 0.851529 -0.524307 0.000000 0.851529 -0.524307 0.000000 0.927889 -0.372856 0.000000 0.927889 -0.372856 0.000000 0.977555 -0.210679 0.000000 0.977555 -0.210679 0.000000 0.999099 -0.042441 0.000000 0.999099 -0.042441 0.000000 0.991900 0.127018 0.000000 0.991900 0.127018 0.000000 0.956167 0.292823 0.000000 0.956167 0.292823 0.000000 0.892926 0.450204 0.000000 0.892926 0.450204 0.000000 0.803997 0.594633 0.000000 0.803997 0.594633 0.000000 0.691939 0.721956 -0.000000 0.691939 0.721956 -0.000000 0.559975 0.828510 -0.000000 0.559975 0.828510 -0.000000 0.411901 0.911228 -0.000000 0.411901 0.911228 -0.000000 0.251978 0.967733 -0.000000 0.251978 0.967733 -0.000000 0.084806 0.996397 -0.000000 0.084806 0.996397 -0.000000 -0.084806 0.996397 -0.000000 -0.084806 0.996397 -0.000000 -0.251978 0.967733 -0.000000 -0.251978 0.967733 -0.000000 -0.411901 0.911228 -0.000000 -0.411901 0.911228 -0.000000 -0.559975 0.828510 -0.000000 -0.559975 0.828510 -0.000000 -0.691939 0.721956 -0.000000 -0.691939 0.721956 -0.000000 -0.803997 0.594633 -0.000000 -0.803997 0.594633 -0.000000 -0.892926 0.450204 -0.000000 -0.892926 0.450204 -0.000000 -0.956167 0.292823 -0.000000 -0.956167 0.292823 -0.000000 -0.991900 0.127018 -0.000000 -0.991900 0.127018 -0.000000 -0.999099 -0.042441 -0.000000 -0.999099 -0.042441 -0.000000 -0.977555 -0.210679 -0.000000 -0.977555 -0.210679 -0.000000 -0.927889 -0.372856 -0.000000 -0.927889 -0.372856 -0.000000 -0.851529 -0.524307 -0.000000 -0.851529 -0.524307 -0.000000 -0.750672 -0.660675 -0.000000 -0.750672 -0.660675 -0.000000 -0.628220 -0.778036 0.000000 -0.628220 -0.778036 0.000000 -0.487695 -0.873014 0.000000 -0.487695 -0.873014 0.000000 -0.333140 -0.942877 0.000000 -0.333140 -0.942877 0.000000 -0.119502 -0.696936 0.707107 -0.110616 -0.698401 0.707107 -0.000000 -0.707107 0.707107 -0.000000 -0.707107 0.707107 0.110616 -0.698401 0.707107 -0.218508 -0.672499 0.707107 -0.235565 -0.666715 0.707107 -0.321020 -0.630037 0.707107 -0.344852 -0.617314 0.707107 -0.415627 -0.572061 0.707107 -0.444219 -0.550154 0.707107 -0.500000 -0.500000 0.707107 -0.530805 -0.467168 0.707107 -0.572061 -0.415627 0.707107 -0.602122 -0.370741 0.707107 -0.630037 -0.321020 0.707107 -0.656117 -0.263649 0.707107 -0.672499 -0.218508 0.707107 -0.691236 -0.148973 0.707107 -0.698401 -0.110616 0.707107 -0.706470 -0.030010 0.707107 -0.707107 0.000000 0.707107 -0.701380 0.089815 0.707107 -0.698401 0.110616 0.707107 -0.676112 0.207057 0.707107 -0.672499 0.218508 0.707107 -0.631394 0.318342 0.707107 -0.630037 0.321020 0.707107 -0.572061 0.415627 0.707107 -0.568512 0.420469 0.707107 -0.500000 0.500000 0.707107 -0.489275 0.510500 0.707107 -0.415627 0.572061 0.707107 -0.395962 0.585845 0.707107 -0.321020 0.630037 0.707107 -0.291258 0.644336 0.707107 -0.218508 0.672499 0.707107 -0.178175 0.684291 0.707107 -0.110616 0.698401 0.707107 -0.059967 0.704559 0.707107 0.000000 0.707107 0.707107 0.059967 0.704559 0.707107 0.110616 0.698401 0.707107 0.178175 0.684291 0.707107 0.218508 0.672499 0.707107 0.291258 0.644336 0.707107 0.321020 0.630037 0.707107 0.395962 0.585845 0.707107 0.415627 0.572061 0.707107 0.489275 0.510500 0.707107 0.500000 0.500000 0.707107 0.568512 0.420469 0.707107 0.572061 0.415627 0.707107 0.631394 0.318342 0.707107 0.630037 0.321020 0.707107 0.672499 0.218508 0.707107 0.676112 0.207057 0.707107 0.698401 0.110616 0.707107 0.701380 0.089815 0.707107 0.707107 -0.000000 0.707107 0.706470 -0.030010 0.707107 0.698401 -0.110616 0.707107 0.691236 -0.148973 0.707107 0.672499 -0.218508 0.707107 0.656117 -0.263649 0.707107 0.630037 -0.321020 0.707107 0.602122 -0.370741 0.707107 0.572061 -0.415627 0.707107 0.530805 -0.467168 0.707107 0.500000 -0.500000 0.707107 0.444219 -0.550154 0.707107 0.415627 -0.572061 0.707107 0.344852 -0.617314 0.707107 0.321020 -0.630037 0.707107 0.235565 -0.666715 0.707107 0.218508 -0.672499 0.707107 0.119502 -0.696936 0.707107 -0.169001 -0.985616 0.000000 -0.169001 -0.985616 0.000000 -0.000000 -1.000000 0.000000 -0.000000 -1.000000 0.000000 0.169001 -0.985616 0.000000 0.169001 -0.985616 0.000000 0.333140 -0.942877 0.000000 0.333140 -0.942877 0.000000 0.487695 -0.873014 0.000000 0.487695 -0.873014 0.000000 0.628220 -0.778036 0.000000 0.628220 -0.778036 0.000000 0.750672 -0.660675 0.000000 0.750672 -0.660675 0.000000 0.851529 -0.524307 0.000000 0.851529 -0.524307 0.000000 0.927889 -0.372856 0.000000 0.927889 -0.372856 0.000000 0.977555 -0.210679 0.000000 0.977555 -0.210679 0.000000 0.999099 -0.042441 0.000000 0.999099 -0.042441 0.000000 0.991900 0.127018 0.000000 0.991900 0.127018 0.000000 0.956167 0.292823 0.000000 0.956167 0.292823 0.000000 0.892926 0.450204 0.000000 0.892926 0.450204 0.000000 0.803997 0.594633 0.000000 0.803997 0.594633 0.000000 0.691939 0.721956 -0.000000 0.691939 0.721956 -0.000000 0.559975 0.828510 -0.000000 0.559975 0.828510 -0.000000 0.411901 0.911228 -0.000000 0.411901 0.911228 -0.000000 0.251978 0.967733 -0.000000 0.251978 0.967733 -0.000000 0.084806 0.996397 -0.000000 0.084806 0.996397 -0.000000 -0.084806 0.996397 -0.000000 -0.084806 0.996397 -0.000000 -0.251978 0.967733 -0.000000 -0.251978 0.967733 -0.000000 -0.411901 0.911228 -0.000000 -0.411901 0.911228 -0.000000 -0.559975 0.828510 -0.000000 -0.559975 0.828510 -0.000000 -0.691939 0.721956 -0.000000 -0.691939 0.721956 -0.000000 -0.803997 0.594633 -0.000000 -0.803997 0.594633 -0.000000 -0.892926 0.450204 -0.000000 -0.892926 0.450204 -0.000000 -0.956167 0.292823 -0.000000 -0.956167 0.292823 -0.000000 -0.991900 0.127018 -0.000000 -0.991900 0.127018 -0.000000 -0.999099 -0.042441 -0.000000 -0.999099 -0.042441 -0.000000 -0.977555 -0.210679 -0.000000 -0.977555 -0.210679 -0.000000 -0.927889 -0.372856 -0.000000 -0.927889 -0.372856 -0.000000 -0.851529 -0.524307 -0.000000 -0.851529 -0.524307 -0.000000 -0.750672 -0.660675 -0.000000 -0.750672 -0.660675 -0.000000 -0.628220 -0.778036 0.000000 -0.628220 -0.778036 0.000000 -0.487695 -0.873014 0.000000 -0.487695 -0.873014 0.000000 -0.333140 -0.942877 0.000000 -0.333140 -0.942877 0.000000 -0.119502 -0.696936 0.707107 -0.110616 -0.698401 0.707107 -0.000000 -0.707107 0.707107 -0.000000 -0.707107 0.707107 0.110616 -0.698401 0.707107 -0.218508 -0.672499 0.707107 -0.235565 -0.666715 0.707107 -0.321020 -0.630037 0.707107 -0.344852 -0.617314 0.707107 -0.415627 -0.572061 0.707107 -0.444219 -0.550154 0.707107 -0.500000 -0.500000 0.707107 -0.530805 -0.467168 0.707107 -0.572061 -0.415627 0.707107 -0.602122 -0.370741 0.707107 -0.630037 -0.321020 0.707107 -0.656117 -0.263649 0.707107 -0.672499 -0.218508 0.707107 -0.691236 -0.148973 0.707107 -0.698401 -0.110616 0.707107 -0.706470 -0.030010 0.707107 -0.707107 0.000000 0.707107 -0.701380 0.089815 0.707107 -0.698401 0.110616 0.707107 -0.676112 0.207057 0.707107 -0.672499 0.218508 0.707107 -0.631394 0.318342 0.707107 -0.630037 0.321020 0.707107 -0.572061 0.415627 0.707107 -0.568512 0.420469 0.707107 -0.500000 0.500000 0.707107 -0.489275 0.510500 0.707107 -0.415627 0.572061 0.707107 -0.395962 0.585845 0.707107 -0.321020 0.630037 0.707107 -0.291258 0.644336 0.707107 -0.218508 0.672499 0.707107 -0.178175 0.684291 0.707107 -0.110616 0.698401 0.707107 -0.059967 0.704559 0.707107 0.000000 0.707107 0.707107 0.059967 0.704559 0.707107 0.110616 0.698401 0.707107 0.178175 0.684291 0.707107 0.218508 0.672499 0.707107 0.291258 0.644336 0.707107 0.321020 0.630037 0.707107 0.395962 0.585845 0.707107 0.415627 0.572061 0.707107 0.489275 0.510500 0.707107 0.500000 0.500000 0.707107 0.568512 0.420469 0.707107 0.572061 0.415627 0.707107 0.631394 0.318342 0.707107 0.630037 0.321020 0.707107 0.672499 0.218508 0.707107 0.676112 0.207057 0.707107 0.698401 0.110616 0.707107 0.701380 0.089815 0.707107 0.707107 -0.000000 0.707107 0.706470 -0.030010 0.707107 0.698401 -0.110616 0.707107 0.691236 -0.148973 0.707107 0.672499 -0.218508 0.707107 0.656117 -0.263649 0.707107 0.630037 -0.321020 0.707107 0.602122 -0.370741 0.707107 0.572061 -0.415627 0.707107 0.530805 -0.467168 0.707107 0.500000 -0.500000 0.707107 0.444219 -0.550154 0.707107 0.415627 -0.572061 0.707107 0.344852 -0.617314 0.707107 0.321020 -0.630037 0.707107 0.235565 -0.666715 0.707107 0.218508 -0.672499 0.707107 0.119502 -0.696936 0.707107 -0.169001 -0.985616 0.000000 -0.169001 -0.985616 0.000000 -0.000000 -1.000000 0.000000 -0.000000 -1.000000 0.000000 0.169001 -0.985616 0.000000 0.169001 -0.985616 0.000000 0.333140 -0.942877 0.000000 0.333140 -0.942877 0.000000 0.487695 -0.873014 0.000000 0.487695 -0.873014 0.000000 0.628220 -0.778036 0.000000 0.628220 -0.778036 0.000000 0.750672 -0.660675 0.000000 0.750672 -0.660675 0.000000 0.851529 -0.524307 0.000000 0.851529 -0.524307 0.000000 0.927889 -0.372856 0.000000 0.927889 -0.372856 0.000000 0.977555 -0.210679 0.000000 0.977555 -0.210679 0.000000 0.999099 -0.042441 0.000000 0.999099 -0.042441 0.000000 0.991900 0.127018 0.000000 0.991900 0.127018 0.000000 0.956167 0.292823 0.000000 0.956167 0.292823 0.000000 0.892926 0.450204 0.000000 0.892926 0.450204 0.000000 0.803997 0.594633 0.000000 0.803997 0.594633 0.000000 0.691939 0.721956 -0.000000 0.691939 0.721956 -0.000000 0.559975 0.828510 -0.000000 0.559975 0.828510 -0.000000 0.411901 0.911228 -0.000000 0.411901 0.911228 -0.000000 0.251978 0.967733 -0.000000 0.251978 0.967733 -0.000000 0.084806 0.996397 -0.000000 0.084806 0.996397 -0.000000 -0.084806 0.996397 -0.000000 -0.084806 0.996397 -0.000000 -0.251978 0.967733 -0.000000 -0.251978 0.967733 -0.000000 -0.411901 0.911228 -0.000000 -0.411901 0.911228 -0.000000 -0.559975 0.828510 -0.000000 -0.559975 0.828510 -0.000000 -0.691939 0.721956 -0.000000 -0.691939 0.721956 -0.000000 -0.803997 0.594633 -0.000000 -0.803997 0.594633 -0.000000 -0.892926 0.450204 -0.000000 -0.892926 0.450204 -0.000000 -0.956167 0.292823 -0.000000 -0.956167 0.292823 -0.000000 -0.991900 0.127018 -0.000000 -0.991900 0.127018 -0.000000 -0.999099 -0.042441 -0.000000 -0.999099 -0.042441 -0.000000 -0.977555 -0.210679 -0.000000 -0.977555 -0.210679 -0.000000 -0.927889 -0.372856 -0.000000 -0.927889 -0.372856 -0.000000 -0.851529 -0.524307 -0.000000 -0.851529 -0.524307 -0.000000 -0.750672 -0.660675 -0.000000 -0.750672 -0.660675 -0.000000 -0.628220 -0.778036 0.000000 -0.628220 -0.778036 0.000000 -0.487695 -0.873014 0.000000 -0.487695 -0.873014 0.000000 -0.333140 -0.942877 0.000000 -0.333140 -0.942877 0.000000 -0.119502 -0.696936 0.707107 -0.110616 -0.698401 0.707107 -0.000000 -0.707107 0.707107 -0.000000 -0.707107 0.707107 0.110616 -0.698401 0.707107 -0.218508 -0.672499 0.707107 -0.235565 -0.666715 0.707107 -0.321020 -0.630037 0.707107 -0.344852 -0.617314 0.707107 -0.415627 -0.572061 0.707107 -0.444219 -0.550154 0.707107 -0.500000 -0.500000 0.707107 -0.530805 -0.467168 0.707107 -0.572061 -0.415627 0.707107 -0.602122 -0.370741 0.707107 -0.630037 -0.321020 0.707107 -0.656117 -0.263649 0.707107 -0.672499 -0.218508 0.707107 -0.691236 -0.148973 0.707107 -0.698401 -0.110616 0.707107 -0.706470 -0.030010 0.707107 -0.707107 0.000000 0.707107 -0.701380 0.089815 0.707107 -0.698401 0.110616 0.707107 -0.676112 0.207057 0.707107 -0.672499 0.218508 0.707107 -0.631394 0.318342 0.707107 -0.630037 0.321020 0.707107 -0.572061 0.415627 0.707107 -0.568512 0.420469 0.707107 -0.500000 0.500000 0.707107 -0.489275 0.510500 0.707107 -0.415627 0.572061 0.707107 -0.395962 0.585845 0.707107 -0.321020 0.630037 0.707107 -0.291258 0.644336 0.707107 -0.218508 0.672499 0.707107 -0.178175 0.684291 0.707107 -0.110616 0.698401 0.707107 -0.059967 0.704559 0.707107 0.000000 0.707107 0.707107 0.059967 0.704559 0.707107 0.110616 0.698401 0.707107 0.178175 0.684291 0.707107 0.218508 0.672499 0.707107 0.291258 0.644336 0.707107 0.321020 0.630037 0.707107 0.395962 0.585845 0.707107 0.415627 0.572061 0.707107 0.489275 0.510500 0.707107 0.500000 0.500000 0.707107 0.568512 0.420469 0.707107 0.572061 0.415627 0.707107 0.631394 0.318342 0.707107 0.630037 0.321020 0.707107 0.672499 0.218508 0.707107 0.676112 0.207057 0.707107 0.698401 0.110616 0.707107 0.701380 0.089815 0.707107 0.707107 -0.000000 0.707107 0.706470 -0.030010 0.707107 0.698401 -0.110616 0.707107 0.691236 -0.148973 0.707107 0.672499 -0.218508 0.707107 0.656117 -0.263649 0.707107 0.630037 -0.321020 0.707107 0.602122 -0.370741 0.707107 0.572061 -0.415627 0.707107 0.530805 -0.467168 0.707107 0.500000 -0.500000 0.707107 0.444219 -0.550154 0.707107 0.415627 -0.572061 0.707107 0.344852 -0.617314 0.707107 0.321020 -0.630037 0.707107 0.235565 -0.666715 0.707107 0.218508 -0.672499 0.707107 0.119502 -0.696936 0.707107 -0.169001 -0.985616 0.000000 -0.169001 -0.985616 0.000000 -0.000000 -1.000000 0.000000 -0.000000 -1.000000 0.000000 0.169001 -0.985616 0.000000 0.169001 -0.985616 0.000000 0.333140 -0.942877 0.000000 0.333140 -0.942877 0.000000 0.487695 -0.873014 0.000000 0.487695 -0.873014 0.000000 0.628220 -0.778036 0.000000 0.628220 -0.778036 0.000000 0.750672 -0.660675 0.000000 0.750672 -0.660675 0.000000 0.851529 -0.524307 0.000000 0.851529 -0.524307 0.000000 0.927889 -0.372856 0.000000 0.927889 -0.372856 0.000000 0.977555 -0.210679 0.000000 0.977555 -0.210679 0.000000 0.999099 -0.042441 0.000000 0.999099 -0.042441 0.000000 0.991900 0.127018 0.000000 0.991900 0.127018 0.000000 0.956167 0.292823 0.000000 0.956167 0.292823 0.000000 0.892926 0.450204 0.000000 0.892926 0.450204 0.000000 0.803997 0.594633 0.000000 0.803997 0.594633 0.000000 0.691939 0.721956 -0.000000 0.691939 0.721956 -0.000000 0.559975 0.828510 -0.000000 0.559975 0.828510 -0.000000 0.411901 0.911228 -0.000000 0.411901 0.911228 -0.000000 0.251978 0.967733 -0.000000 0.251978 0.967733 -0.000000 0.084806 0.996397 -0.000000 0.084806 0.996397 -0.000000 -0.084806 0.996397 -0.000000 -0.084806 0.996397 -0.000000 -0.251978 0.967733 -0.000000 -0.251978 0.967733 -0.000000 -0.411901 0.911228 -0.000000 -0.411901 0.911228 -0.000000 -0.559975 0.828510 -0.000000 -0.559975 0.828510 -0.000000 -0.691939 0.721956 -0.000000 -0.691939 0.721956 -0.000000 -0.803997 0.594633 -0.000000 -0.803997 0.594633 -0.000000 -0.892926 0.450204 -0.000000 -0.892926 0.450204 -0.000000 -0.956167 0.292823 -0.000000 -0.956167 0.292823 -0.000000 -0.991900 0.127018 -0.000000 -0.991900 0.127018 -0.000000 -0.999099 -0.042441 -0.000000 -0.999099 -0.042441 -0.000000 -0.977555 -0.210679 -0.000000 -0.977555 -0.210679 -0.000000 -0.927889 -0.372856 -0.000000 -0.927889 -0.372856 -0.000000 -0.851529 -0.524307 -0.000000 -0.851529 -0.524307 -0.000000 -0.750672 -0.660675 -0.000000 -0.750672 -0.660675 -0.000000 -0.628220 -0.778036 0.000000 -0.628220 -0.778036 0.000000 -0.487695 -0.873014 0.000000 -0.487695 -0.873014 0.000000 -0.333140 -0.942877 0.000000 -0.333140 -0.942877 0.000000 0.000000 -0.000000 1.000000 0.000000 -0.000000 1.000000 0.000000 -0.000000 1.000000 0.000000 -0.000000 1.000000 0.000000 -0.000000 1.000000 0.000000 -0.000000 1.000000 0.000000 -0.000000 1.000000 0.000000 -0.000000 1.000000 0.000000 -0.000000 1.000000 0.000000 -0.000000 1.000000 0.000000 -0.000000 1.000000 0.000000 -0.000000 1.000000 0.000000 -0.000000 1.000000 0.000000 -0.000000 1.000000 0.000000 -0.000000 1.000000 0.000000 -0.000000 1.000000 0.000000 -0.000000 1.000000 0.000000 -0.000000 1.000000 0.000000 -0.000000 1.000000 0.000000 -0.000000 1.000000 0.000000 -0.000000 1.000000 0.000000 -0.000000 1.000000 0.000000 -0.000000 1.000000 0.000000 -0.000000 1.000000 0.000000 -0.000000 1.000000 0.000000 -0.000000 1.000000 0.000000 -0.000000 1.000000 0.000000 -0.000000 1.000000 0.000000 -0.000000 1.000000 0.000000 -0.000000 1.000000 0.000000 -0.000000 1.000000 0.000000 -0.000000 1.000000 0.000000 -0.000000 1.000000 0.000000 -0.000000 1.000000 0.000000 -0.000000 1.000000 0.000000 -0.000000 1.000000 0.000000 -0.000000 1.000000 0.000000 -0.000000 1.000000 0.000000 -0.000000 1.000000 0.000000 -0.000000 1.000000 0.000000 -0.000000 1.000000 0.000000 -0.000000 1.000000 0.000000 -0.000000 1.000000 0.000000 -0.000000 1.000000 0.000000 -0.000000 1.000000 0.000000 -0.000000 1.000000 0.000000 -0.000000 1.000000 0.000000 -0.000000 1.000000 0.000000 -0.000000 1.000000 0.000000 -0.000000 1.000000 0.000000 -0.000000 1.000000 0.000000 -0.000000 1.000000 0.000000 -0.000000 1.000000 0.000000 -0.000000 1.000000 0.000000 -0.000000 1.000000 0.000000 -0.000000 1.000000 0.000000 -0.000000 1.000000 0.000000 -0.000000 1.000000 0.000000 -0.000000 1.000000 0.000000 -0.000000 1.000000 0.000000 -0.000000 1.000000 0.000000 -0.000000 1.000000 0.000000 -0.000000 1.000000 0.000000 -0.000000 1.000000 0.000000 -0.000000 1.000000 0.000000 -0.000000 1.000000 0.000000 -0.000000 1.000000 0.000000 -0.000000 1.000000 0.000000 -0.000000 1.000000 0.000000 -0.000000 1.000000 0.000000 -0.000000 1.000000 0.000000 -0.000000 1.000000 0.000000 -0.000000 1.000000 0.000000 -0.000000 1.000000 0.000000 -0.000000 1.000000 0.000000 -0.000000 1.000000 0.000000 -0.000000 1.000000 0.000000 -0.000000 1.000000 0.000000 -0.000000 1.000000 0.000000 -0.000000 1.000000 0.000000 -0.000000 1.000000 0.000000 -0.000000 1.000000 0.000000 -0.000000 1.000000 0.000000 -0.000000 1.000000 0.000000 -0.000000 1.000000 0.000000 -0.000000 1.000000 0.000000 -0.000000 1.000000 0.000000 -0.000000 1.000000 0.000000 -0.000000 1.000000 0.000000 -0.000000 1.000000 0.000000 -0.000000 1.000000 0.000000 -0.000000 1.000000 0.000000 -0.000000 1.000000 0.000000 -0.000000 1.000000 0.000000 -0.000000 1.000000 0.000000 -0.000000 1.000000 0.000000 -0.000000 1.000000 0.000000 -0.000000 1.000000 0.000000 -0.000000 1.000000 0.000000 -0.000000 1.000000 0.000000 -0.000000 1.000000 0.000000 -0.000000 1.000000 0.000000 -0.000000 1.000000 0.000000 -0.000000 1.000000 0.000000 -0.000000 1.000000 0.000000 -0.000000 1.000000 0.000000 -0.000000 1.000000 0.000000 -0.000000 1.000000 0.000000 -0.000000 1.000000 0.000000 -0.000000 1.000000 0.000000 -0.000000 1.000000 0.000000 -0.000000 1.000000 0.000000 -0.000000 1.000000 0.000000 -0.000000 1.000000 0.000000 -0.000000 1.000000 0.000000 -0.000000 1.000000 0.000000 -0.000000 1.000000 0.000000 -0.000000 1.000000 0.000000 -0.000000 1.000000 0.000000 -0.000000 1.000000 0.000000 -0.000000 1.000000 0.000000 -0.000000 1.000000 0.000000 -0.000000 1.000000 0.000000 -0.000000 1.000000 0.000000 -0.000000 1.000000 0.000000 -0.000000 1.000000 0.000000 -0.000000 1.000000 0.000000 -0.000000 1.000000 0.000000 -0.000000 1.000000 0.000000 -0.000000 1.000000 0.000000 -0.000000 1.000000 0.000000 -0.000000 1.000000 0.000000 -0.000000 1.000000 0.000000 -0.000000 1.000000 0.000000 -0.000000 1.000000 0.000000 -0.000000 1.000000 0.000000 -0.000000 1.000000 0.000000 -0.000000 1.000000 0.000000 -0.000000 1.000000 0.000000 -0.000000 1.000000 0.000000 -0.000000 1.000000 0.000000 -0.000000 1.000000 0.000000 -0.000000 1.000000 0.000000 -0.000000 1.000000 0.000000 -0.000000 1.000000 0.000000 -0.000000 1.000000 0.000000 -0.000000 1.000000 0.000000 -0.000000 1.000000 0.000000 -0.000000 1.000000 0.000000 -0.000000 1.000000 0.000000 -0.000000 1.000000 0.000000 -0.000000 1.000000 0.000000 -0.000000 1.000000 0.000000 -0.000000 1.000000 0.000000 -0.000000 1.000000 0.000000 -0.000000 1.000000 0.000000 -0.000000 1.000000 0.000000 -0.000000 1.000000 0.000000 -0.000000 1.000000 0.000000 -0.000000 1.000000 0.000000 -0.000000 1.000000 0.000000 -0.000000 1.000000 0.000000 -0.000000 1.000000 0.000000 -0.000000 1.000000 0.000000 -0.000000 1.000000 0.000000 -0.000000 1.000000 0.000000 -0.000000 1.000000 0.000000 -0.000000 1.000000 0.000000 -0.000000 1.000000 0.000000 -0.000000 1.000000 0.000000 -0.000000 1.000000 0.000000 -0.000000 1.000000 0.000000 -0.000000 1.000000 0.000000 -0.000000 1.000000 0.000000 -0.000000 1.000000 0.000000 -0.000000 1.000000 0.000000 -0.000000 1.000000 0.000000 -0.000000 1.000000 0.000000 -0.000000 1.000000 0.000000 -0.000000 1.000000 0.000000 -0.000000 1.000000 0.000000 -0.000000 1.000000 0.000000 -0.000000 1.000000 0.000000 -0.000000 1.000000 0.000000 -0.000000 1.000000 0.000000 -0.000000 1.000000 0.000000 -0.000000 1.000000 0.000000 -0.000000 1.000000 0.000000 -0.000000 1.000000 0.000000 -0.000000 1.000000 0.000000 -0.000000 1.000000 0.000000 -0.000000 1.000000 0.000000 -0.000000 1.000000 0.000000 -0.000000 1.000000 0.000000 -0.000000 1.000000 0.000000 -0.000000 1.000000 0.000000 -0.000000 1.000000 0.000000 -0.000000 1.000000 0.000000 -0.000000 1.000000 0.000000 -0.000000 1.000000 0.000000 -0.000000 1.000000 0.000000 -0.000000 1.000000 0.000000 -0.000000 1.000000 0.000000 -0.000000 1.000000 0.000000 -0.000000 1.000000 0.000000 -0.000000 1.000000 0.000000 -0.000000 1.000000 0.000000 -0.000000 1.000000 0.000000 -0.000000 1.000000 0.000000 -0.000000 1.000000 0.000000 -0.000000 1.000000 0.000000 -0.000000 1.000000 0.000000 -0.000000 1.000000 0.000000 -0.000000 1.000000 0.000000 -0.000000 1.000000 0.000000 -0.000000 1.000000 0.000000 -0.000000 1.000000 0.000000 -0.000000 1.000000 0.000000 -0.000000 1.000000 0.000000 -0.000000 1.000000 0.000000 -0.000000 1.000000 0.000000 -0.000000 1.000000 -0.000000 0.000000 -1.000000 -0.000000 0.000000 -1.000000 -0.000000 0.000000 -1.000000 -0.000000 0.000000 -1.000000 -0.000000 0.000000 -1.000000 -0.000000 0.000000 -1.000000 -0.000000 0.000000 -1.000000 -0.000000 0.000000 -1.000000 -0.000000 0.000000 -1.000000 -0.000000 0.000000 -1.000000 -0.000000 0.000000 -1.000000 -0.000000 0.000000 -1.000000 -0.000000 0.000000 -1.000000 -0.000000 0.000000 -1.000000 -0.000000 0.000000 -1.000000 -0.000000 0.000000 -1.000000 -0.000000 0.000000 -1.000000 -0.000000 0.000000 -1.000000 -0.000000 0.000000 -1.000000 -0.000000 0.000000 -1.000000 -0.000000 0.000000 -1.000000 -0.000000 0.000000 -1.000000 -0.000000 0.000000 -1.000000 -0.000000 0.000000 -1.000000 -0.000000 0.000000 -1.000000 -0.000000 0.000000 -1.000000 -0.000000 0.000000 -1.000000 -0.000000 0.000000 -1.000000 -0.000000 0.000000 -1.000000 -0.000000 0.000000 -1.000000 -0.000000 0.000000 -1.000000 -0.000000 0.000000 -1.000000 -0.000000 0.000000 -1.000000 -0.000000 0.000000 -1.000000 -0.000000 0.000000 -1.000000 -0.000000 0.000000 -1.000000 -0.000000 0.000000 -1.000000 -0.000000 0.000000 -1.000000 -0.000000 0.000000 -1.000000 -0.000000 0.000000 -1.000000 -0.000000 0.000000 -1.000000 -0.000000 0.000000 -1.000000 -0.000000 0.000000 -1.000000 -0.000000 0.000000 -1.000000 -0.000000 0.000000 -1.000000 -0.000000 0.000000 -1.000000 -0.000000 0.000000 -1.000000 -0.000000 0.000000 -1.000000 -0.000000 0.000000 -1.000000 -0.000000 0.000000 -1.000000 -0.000000 0.000000 -1.000000 -0.000000 0.000000 -1.000000 -0.000000 0.000000 -1.000000 -0.000000 0.000000 -1.000000 -0.000000 0.000000 -1.000000 -0.000000 0.000000 -1.000000 -0.000000 0.000000 -1.000000 -0.000000 0.000000 -1.000000 -0.000000 0.000000 -1.000000 -0.000000 0.000000 -1.000000 -0.000000 0.000000 -1.000000 -0.000000 0.000000 -1.000000 -0.000000 0.000000 -1.000000 -0.000000 0.000000 -1.000000 -0.000000 0.000000 -1.000000 -0.000000 0.000000 -1.000000 -0.000000 0.000000 -1.000000 -0.000000 0.000000 -1.000000 -0.000000 0.000000 -1.000000 -0.000000 0.000000 -1.000000 -0.000000 0.000000 -1.000000 -0.000000 0.000000 -1.000000 -0.000000 0.000000 -1.000000 -0.000000 0.000000 -1.000000 -0.000000 0.000000 -1.000000 -0.000000 0.000000 -1.000000 -0.000000 0.000000 -1.000000 -0.000000 0.000000 -1.000000 -0.000000 0.000000 -1.000000 -0.000000 0.000000 -1.000000 -0.000000 0.000000 -1.000000 -0.000000 0.000000 -1.000000 -0.000000 0.000000 -1.000000 -0.000000 0.000000 -1.000000 -0.000000 0.000000 -1.000000 -0.000000 0.000000 -1.000000 -0.000000 0.000000 -1.000000 -0.000000 0.000000 -1.000000 -0.000000 0.000000 -1.000000 -0.000000 0.000000 -1.000000 -0.000000 0.000000 -1.000000 -0.000000 0.000000 -1.000000 -0.000000 0.000000 -1.000000 -0.000000 0.000000 -1.000000 -0.000000 0.000000 -1.000000 -0.000000 0.000000 -1.000000 -0.000000 0.000000 -1.000000 -0.000000 0.000000 -1.000000 -0.000000 0.000000 -1.000000 -0.000000 0.000000 -1.000000 -0.000000 0.000000 -1.000000 -0.000000 0.000000 -1.000000 -0.000000 0.000000 -1.000000 -0.000000 0.000000 -1.000000 -0.000000 0.000000 -1.000000 -0.000000 0.000000 -1.000000 -0.000000 0.000000 -1.000000 -0.000000 0.000000 -1.000000 -0.000000 0.000000 -1.000000 -0.000000 0.000000 -1.000000 -0.000000 0.000000 -1.000000 -0.000000 0.000000 -1.000000 -0.000000 0.000000 -1.000000 -0.000000 0.000000 -1.000000 -0.000000 0.000000 -1.000000 -0.000000 0.000000 -1.000000 -0.000000 0.000000 -1.000000 -0.000000 0.000000 -1.000000 -0.000000 0.000000 -1.000000 -0.000000 0.000000 -1.000000 -0.000000 0.000000 -1.000000 -0.000000 0.000000 -1.000000 -0.000000 0.000000 -1.000000 -0.000000 0.000000 -1.000000 -0.000000 0.000000 -1.000000 -0.000000 0.000000 -1.000000 -0.000000 0.000000 -1.000000 -0.000000 0.000000 -1.000000 -0.000000 0.000000 -1.000000 -0.000000 0.000000 -1.000000 -0.000000 0.000000 -1.000000 -0.000000 0.000000 -1.000000 -0.000000 0.000000 -1.000000 -0.000000 0.000000 -1.000000 -0.000000 0.000000 -1.000000 -0.000000 0.000000 -1.000000 -0.000000 0.000000 -1.000000 -0.000000 0.000000 -1.000000 -0.000000 0.000000 -1.000000 -0.000000 0.000000 -1.000000 -0.000000 0.000000 -1.000000 -0.000000 0.000000 -1.000000 -0.000000 0.000000 -1.000000 -0.000000 0.000000 -1.000000 -0.000000 0.000000 -1.000000 -0.000000 0.000000 -1.000000 -0.000000 0.000000 -1.000000 -0.000000 0.000000 -1.000000 -0.000000 0.000000 -1.000000 -0.000000 0.000000 -1.000000 -0.000000 0.000000 -1.000000 -0.000000 0.000000 -1.000000 -0.000000 0.000000 -1.000000 -0.000000 0.000000 -1.000000 -0.000000 0.000000 -1.000000 -0.000000 0.000000 -1.000000 -0.000000 0.000000 -1.000000 -0.000000 0.000000 -1.000000 -0.000000 0.000000 -1.000000 -0.000000 0.000000 -1.000000 -0.000000 0.000000 -1.000000 -0.000000 0.000000 -1.000000 -0.000000 0.000000 -1.000000 -0.000000 0.000000 -1.000000 -0.000000 0.000000 -1.000000 -0.000000 0.000000 -1.000000 -0.000000 0.000000 -1.000000 -0.000000 0.000000 -1.000000 -0.000000 0.000000 -1.000000 -0.000000 0.000000 -1.000000 -0.000000 0.000000 -1.000000 -0.000000 0.000000 -1.000000 -0.000000 0.000000 -1.000000 -0.000000 0.000000 -1.000000 -0.000000 0.000000 -1.000000 -0.000000 0.000000 -1.000000 -0.000000 0.000000 -1.000000 -0.000000 0.000000 -1.000000 -0.000000 0.000000 -1.000000 -0.000000 0.000000 -1.000000 -0.000000 0.000000 -1.000000 -0.000000 0.000000 -1.000000 0.064070 0.997945 -0.000000 0.064070 0.997945 -0.000000 0.000000 1.000000 -0.000000 0.000000 1.000000 -0.000000 -0.064070 0.997945 -0.000000 -0.064070 0.997945 -0.000000 -0.127877 0.991790 -0.000000 -0.127877 0.991790 -0.000000 -0.191159 0.981559 -0.000000 -0.191159 0.981559 -0.000000 -0.253655 0.967295 -0.000000 -0.253655 0.967295 -0.000000 -0.315108 0.949056 -0.000000 -0.315108 0.949056 -0.000000 -0.375267 0.926917 -0.000000 -0.375267 0.926917 -0.000000 -0.433884 0.900969 -0.000000 -0.433884 0.900969 -0.000000 -0.490718 0.871319 -0.000000 -0.490718 0.871319 -0.000000 -0.545535 0.838088 -0.000000 -0.545535 0.838088 -0.000000 -0.598111 0.801414 -0.000000 -0.598111 0.801414 -0.000000 -0.648228 0.761446 -0.000000 -0.648228 0.761446 -0.000000 -0.695683 0.718349 -0.000000 -0.695683 0.718349 -0.000000 -0.740278 0.672301 -0.000000 -0.740278 0.672301 -0.000000 -0.781831 0.623490 -0.000000 -0.781831 0.623490 -0.000000 -0.820172 0.572117 -0.000000 -0.820172 0.572117 -0.000000 -0.855143 0.518393 -0.000000 -0.855143 0.518393 -0.000000 -0.886599 0.462538 -0.000000 -0.886599 0.462538 -0.000000 -0.914413 0.404783 -0.000000 -0.914413 0.404783 -0.000000 -0.938468 0.345365 -0.000000 -0.938468 0.345365 -0.000000 -0.958668 0.284528 -0.000000 -0.958668 0.284528 -0.000000 -0.974928 0.222521 -0.000000 -0.974928 0.222521 -0.000000 -0.987182 0.159600 -0.000000 -0.987182 0.159600 -0.000000 -0.995379 0.096023 -0.000000 -0.995379 0.096023 -0.000000 -0.999486 0.032052 -0.000000 -0.999486 0.032052 -0.000000 -0.999486 -0.032052 -0.000000 -0.999486 -0.032052 -0.000000 -0.995379 -0.096023 -0.000000 -0.995379 -0.096023 -0.000000 -0.987182 -0.159600 -0.000000 -0.987182 -0.159600 -0.000000 -0.974928 -0.222521 -0.000000 -0.974928 -0.222521 -0.000000 -0.958668 -0.284528 -0.000000 -0.958668 -0.284528 -0.000000 -0.938468 -0.345365 -0.000000 -0.938468 -0.345365 -0.000000 -0.914413 -0.404783 -0.000000 -0.914413 -0.404783 -0.000000 -0.886599 -0.462538 -0.000000 -0.886599 -0.462538 -0.000000 -0.855143 -0.518393 -0.000000 -0.855143 -0.518393 -0.000000 -0.820172 -0.572117 -0.000000 -0.820172 -0.572117 -0.000000 -0.781831 -0.623490 -0.000000 -0.781831 -0.623490 -0.000000 -0.740278 -0.672301 -0.000000 -0.740278 -0.672301 -0.000000 -0.695683 -0.718349 0.000000 -0.695683 -0.718349 0.000000 -0.648228 -0.761446 0.000000 -0.648228 -0.761446 0.000000 -0.598111 -0.801414 0.000000 -0.598111 -0.801414 0.000000 -0.545535 -0.838088 0.000000 -0.545535 -0.838088 0.000000 -0.490718 -0.871319 0.000000 -0.490718 -0.871319 0.000000 -0.433884 -0.900969 0.000000 -0.433884 -0.900969 0.000000 -0.375267 -0.926917 0.000000 -0.375267 -0.926917 0.000000 -0.315108 -0.949056 0.000000 -0.315108 -0.949056 0.000000 -0.253655 -0.967295 0.000000 -0.253655 -0.967295 0.000000 -0.191159 -0.981559 0.000000 -0.191159 -0.981559 0.000000 -0.127877 -0.991790 0.000000 -0.127877 -0.991790 0.000000 -0.064070 -0.997945 0.000000 -0.064070 -0.997945 0.000000 -0.000000 -1.000000 0.000000 -0.000000 -1.000000 0.000000 0.064070 -0.997945 0.000000 0.064070 -0.997945 0.000000 0.127877 -0.991790 0.000000 0.127877 -0.991790 0.000000 0.191159 -0.981559 0.000000 0.191159 -0.981559 0.000000 0.253655 -0.967295 0.000000 0.253655 -0.967295 0.000000 0.315108 -0.949056 0.000000 0.315108 -0.949056 0.000000 0.375267 -0.926917 0.000000 0.375267 -0.926917 0.000000 0.433884 -0.900969 0.000000 0.433884 -0.900969 0.000000 0.490718 -0.871319 0.000000 0.490718 -0.871319 0.000000 0.545535 -0.838088 0.000000 0.545535 -0.838088 0.000000 0.598111 -0.801414 0.000000 0.598111 -0.801414 0.000000 0.648228 -0.761446 0.000000 0.648228 -0.761446 0.000000 0.695683 -0.718349 0.000000 0.695683 -0.718349 0.000000 0.740278 -0.672301 0.000000 0.740278 -0.672301 0.000000 0.781831 -0.623490 0.000000 0.781831 -0.623490 0.000000 0.820172 -0.572117 0.000000 0.820172 -0.572117 0.000000 0.855143 -0.518393 0.000000 0.855143 -0.518393 0.000000 0.886599 -0.462538 0.000000 0.886599 -0.462538 0.000000 0.914413 -0.404783 0.000000 0.914413 -0.404783 0.000000 0.938468 -0.345365 0.000000 0.938468 -0.345365 0.000000 0.958668 -0.284528 0.000000 0.958668 -0.284528 0.000000 0.974928 -0.222521 0.000000 0.974928 -0.222521 0.000000 0.987182 -0.159600 0.000000 0.987182 -0.159600 0.000000 0.995379 -0.096023 0.000000 0.995379 -0.096023 0.000000 0.999486 -0.032052 0.000000 0.999486 -0.032052 0.000000 0.999486 0.032052 0.000000 0.999486 0.032052 0.000000 0.995379 0.096023 0.000000 0.995379 0.096023 0.000000 0.987182 0.159600 0.000000 0.987182 0.159600 0.000000 0.974928 0.222521 0.000000 0.974928 0.222521 0.000000 0.958668 0.284528 0.000000 0.958668 0.284528 0.000000 0.938468 0.345365 0.000000 0.938468 0.345365 0.000000 0.914413 0.404783 0.000000 0.914413 0.404783 0.000000 0.886599 0.462538 0.000000 0.886599 0.462538 0.000000 0.855143 0.518393 0.000000 0.855143 0.518393 0.000000 0.820172 0.572117 0.000000 0.820172 0.572117 0.000000 0.781831 0.623490 0.000000 0.781831 0.623490 0.000000 0.740278 0.672301 0.000000 0.740278 0.672301 0.000000 0.695683 0.718349 -0.000000 0.695683 0.718349 -0.000000 0.648228 0.761446 -0.000000 0.648228 0.761446 -0.000000 0.598111 0.801414 -0.000000 0.598111 0.801414 -0.000000 0.545535 0.838088 -0.000000 0.545535 0.838088 -0.000000 0.490718 0.871319 -0.000000 0.490718 0.871319 -0.000000 0.433884 0.900969 -0.000000 0.433884 0.900969 -0.000000 0.375267 0.926917 -0.000000 0.375267 0.926917 -0.000000 0.315108 0.949056 -0.000000 0.315108 0.949056 -0.000000 0.253655 0.967295 -0.000000 0.253655 0.967295 -0.000000 0.191159 0.981559 -0.000000 0.191159 0.981559 -0.000000 0.127877 0.991790 -0.000000 0.127877 0.991790 -0.000000 -0.074730 -0.997204 0.000000 -0.074730 -0.997204 0.000000 -0.000000 -1.000000 0.000000 -0.000000 -1.000000 0.000000 0.074730 -0.997204 0.000000 0.074730 -0.997204 0.000000 0.149042 -0.988831 0.000000 0.149042 -0.988831 0.000000 0.222521 -0.974928 0.000000 0.222521 -0.974928 0.000000 0.294755 -0.955573 0.000000 0.294755 -0.955573 0.000000 0.365341 -0.930874 0.000000 0.365341 -0.930874 0.000000 0.433884 -0.900969 0.000000 0.433884 -0.900969 0.000000 0.500000 -0.866025 0.000000 0.500000 -0.866025 0.000000 0.563320 -0.826239 0.000000 0.563320 -0.826239 0.000000 0.623490 -0.781831 0.000000 0.623490 -0.781831 0.000000 0.680173 -0.733052 0.000000 0.680173 -0.733052 0.000000 0.733052 -0.680173 0.000000 0.733052 -0.680173 0.000000 0.781831 -0.623490 0.000000 0.781831 -0.623490 0.000000 0.826239 -0.563320 0.000000 0.826239 -0.563320 0.000000 0.866025 -0.500000 0.000000 0.866025 -0.500000 0.000000 0.900969 -0.433884 0.000000 0.900969 -0.433884 0.000000 0.930874 -0.365341 0.000000 0.930874 -0.365341 0.000000 0.955573 -0.294755 0.000000 0.955573 -0.294755 0.000000 0.974928 -0.222521 0.000000 0.974928 -0.222521 0.000000 0.988831 -0.149042 0.000000 0.988831 -0.149042 0.000000 0.997204 -0.074730 0.000000 0.997204 -0.074730 0.000000 1.000000 -0.000000 0.000000 1.000000 -0.000000 0.000000 0.997204 0.074730 0.000000 0.997204 0.074730 0.000000 0.988831 0.149042 0.000000 0.988831 0.149042 0.000000 0.974928 0.222521 0.000000 0.974928 0.222521 0.000000 0.955573 0.294755 0.000000 0.955573 0.294755 0.000000 0.930874 0.365341 0.000000 0.930874 0.365341 0.000000 0.900969 0.433884 0.000000 0.900969 0.433884 0.000000 0.866025 0.500000 0.000000 0.866025 0.500000 0.000000 0.826239 0.563320 0.000000 0.826239 0.563320 0.000000 0.781831 0.623490 0.000000 0.781831 0.623490 0.000000 0.733052 0.680173 0.000000 0.733052 0.680173 0.000000 0.680173 0.733052 -0.000000 0.680173 0.733052 -0.000000 0.623490 0.781831 -0.000000 0.623490 0.781831 -0.000000 0.563320 0.826239 -0.000000 0.563320 0.826239 -0.000000 0.500000 0.866025 -0.000000 0.500000 0.866025 -0.000000 0.433884 0.900969 -0.000000 0.433884 0.900969 -0.000000 0.365341 0.930874 -0.000000 0.365341 0.930874 -0.000000 0.294755 0.955573 -0.000000 0.294755 0.955573 -0.000000 0.222521 0.974928 -0.000000 0.222521 0.974928 -0.000000 0.149042 0.988831 -0.000000 0.149042 0.988831 -0.000000 0.074730 0.997204 -0.000000 0.074730 0.997204 -0.000000 0.000000 1.000000 -0.000000 0.000000 1.000000 -0.000000 -0.074730 0.997204 -0.000000 -0.074730 0.997204 -0.000000 -0.149042 0.988831 -0.000000 -0.149042 0.988831 -0.000000 -0.222521 0.974928 -0.000000 -0.222521 0.974928 -0.000000 -0.294755 0.955573 -0.000000 -0.294755 0.955573 -0.000000 -0.365341 0.930874 -0.000000 -0.365341 0.930874 -0.000000 -0.433884 0.900969 -0.000000 -0.433884 0.900969 -0.000000 -0.500000 0.866025 -0.000000 -0.500000 0.866025 -0.000000 -0.563320 0.826239 -0.000000 -0.563320 0.826239 -0.000000 -0.623490 0.781831 -0.000000 -0.623490 0.781831 -0.000000 -0.680173 0.733052 -0.000000 -0.680173 0.733052 -0.000000 -0.733052 0.680173 -0.000000 -0.733052 0.680173 -0.000000 -0.781831 0.623490 -0.000000 -0.781831 0.623490 -0.000000 -0.826239 0.563320 -0.000000 -0.826239 0.563320 -0.000000 -0.866025 0.500000 -0.000000 -0.866025 0.500000 -0.000000 -0.900969 0.433884 -0.000000 -0.900969 0.433884 -0.000000 -0.930874 0.365341 -0.000000 -0.930874 0.365341 -0.000000 -0.955573 0.294755 -0.000000 -0.955573 0.294755 -0.000000 -0.974928 0.222521 -0.000000 -0.974928 0.222521 -0.000000 -0.988831 0.149042 -0.000000 -0.988831 0.149042 -0.000000 -0.997204 0.074730 -0.000000 -0.997204 0.074730 -0.000000 -1.000000 0.000000 -0.000000 -1.000000 0.000000 -0.000000 -0.997204 -0.074730 -0.000000 -0.997204 -0.074730 -0.000000 -0.988831 -0.149042 -0.000000 -0.988831 -0.149042 -0.000000 -0.974928 -0.222521 -0.000000 -0.974928 -0.222521 -0.000000 -0.955573 -0.294755 -0.000000 -0.955573 -0.294755 -0.000000 -0.930874 -0.365341 -0.000000 -0.930874 -0.365341 -0.000000 -0.900969 -0.433884 -0.000000 -0.900969 -0.433884 -0.000000 -0.866025 -0.500000 -0.000000 -0.866025 -0.500000 -0.000000 -0.826239 -0.563320 -0.000000 -0.826239 -0.563320 -0.000000 -0.781831 -0.623490 -0.000000 -0.781831 -0.623490 -0.000000 -0.733052 -0.680173 -0.000000 -0.733052 -0.680173 -0.000000 -0.680173 -0.733052 0.000000 -0.680173 -0.733052 0.000000 -0.623490 -0.781831 0.000000 -0.623490 -0.781831 0.000000 -0.563320 -0.826239 0.000000 -0.563320 -0.826239 0.000000 -0.500000 -0.866025 0.000000 -0.500000 -0.866025 0.000000 -0.433884 -0.900969 0.000000 -0.433884 -0.900969 0.000000 -0.365341 -0.930874 0.000000 -0.365341 -0.930874 0.000000 -0.294755 -0.955573 0.000000 -0.294755 -0.955573 0.000000 -0.222521 -0.974928 0.000000 -0.222521 -0.974928 0.000000 -0.149042 -0.988831 0.000000 -0.149042 -0.988831 0.000000</float_array>
          <technique_common>
            <accessor source="#Gripper-mesh-normals-array" count="3036" stride="3">
              <param name="X" type="float"/>
              <param name="Y" type="float"/>
              <param name="Z" type="float"/>
            </accessor>
          </technique_common>
        </source>
        <vertices id="Gripper-mesh-vertices">
          <input semantic="POSITION" source="#Gripper-mesh-positions"/>
        </vertices>
        <triangles material="Gripper_Shaft__Plastic_-_Matte__Black_" count="3032">
          <input semantic="VERTEX" source="#Gripper-mesh-vertices" offset="0"/>
          <input semantic="NORMAL" source="#Gripper-mesh-normals" offset="1"/>
          <p>1 0 65 1 0 2 0 2 65 1 31 3 0 2 31 3 32 4 65 1 1 0 64 5 64 5 1 0 2 6 64 5 2 6 63 7 63 7 2 6 3 8 63 7 3 8 62 9 62 9 3 8 4 10 62 9 4 10 61 11 61 11 4 10 5 12 61 11 5 12 60 13 60 13 5 12 6 14 60 13 6 14 59 15 59 15 6 14 7 16 59 15 7 16 58 17 58 17 7 16 8 18 58 17 8 18 57 19 57 19 8 18 56 20 56 20 8 18 9 21 56 20 9 21 55 22 55 22 9 21 10 23 55 22 10 23 54 24 54 24 10 23 11 25 54 24 11 25 53 26 53 26 11 25 12 27 53 26 12 27 52 28 52 28 12 27 13 29 52 28 13 29 51 30 51 30 13 29 14 31 51 30 14 31 50 32 50 32 14 31 15 33 50 32 15 33 49 34 49 34 15 33 16 35 49 34 16 35 48 36 48 36 16 35 47 37 47 37 16 35 17 38 47 37 17 38 46 39 46 39 17 38 18 40 46 39 18 40 45 41 45 41 18 40 19 42 45 41 19 42 44 43 44 43 19 42 20 44 44 43 20 44 43 45 43 45 20 44 21 46 43 45 21 46 42 47 42 47 21 46 22 48 42 47 22 48 41 49 41 49 22 48 23 50 41 49 23 50 40 51 40 51 23 50 39 52 39 52 23 50 24 53 39 52 24 53 38 54 38 54 24 53 25 55 38 54 25 55 37 56 37 56 25 55 26 57 37 56 26 57 36 58 36 58 26 57 27 59 36 58 27 59 35 60 35 60 27 59 28 61 35 60 28 61 34 62 34 62 28 61 29 63 34 62 29 63 33 64 33 64 29 63 30 65 33 64 30 65 32 4 32 4 30 65 0 2 100 66 66 67 177 68 177 68 66 67 67 69 177 68 67 69 260 70 260 70 67 69 68 71 260 70 68 71 259 72 259 72 68 71 69 73 259 72 69 73 258 74 258 74 69 73 70 75 258 74 70 75 257 76 257 76 70 75 71 77 257 76 71 77 256 78 256 78 71 77 72 79 256 78 72 79 255 80 255 80 72 79 73 81 255 80 73 81 254 82 254 82 73 81 253 83 253 83 73 81 74 84 253 83 74 84 252 85 252 85 74 84 75 86 252 85 75 86 251 87 251 87 75 86 295 88 251 87 295 88 250 89 250 89 295 88 261 90 250 89 261 90 249 91 249 91 261 90 262 92 249 91 262 92 248 93 248 93 262 92 247 94 247 94 262 92 263 95 247 94 263 95 246 96 246 96 263 95 264 97 246 96 264 97 245 98 245 98 264 97 265 99 245 98 265 99 244 100 244 100 265 99 266 101 244 100 266 101 243 102 243 102 266 101 267 103 243 102 267 103 242 104 242 104 267 103 268 105 242 104 268 105 241 106 241 106 268 105 269 107 241 106 269 107 240 108 240 108 269 107 270 109 240 108 270 109 239 110 239 110 270 109 271 111 239 110 271 111 238 112 238 112 271 111 272 113 238 112 272 113 237 114 237 114 272 113 273 115 237 114 273 115 274 116 75 86 76 117 295 88 295 88 76 117 294 118 294 118 76 117 77 119 294 118 77 119 293 120 293 120 77 119 78 121 293 120 78 121 141 122 141 122 78 121 79 123 141 122 79 123 140 124 140 124 79 123 80 125 140 124 80 125 139 126 139 126 80 125 81 127 139 126 81 127 138 128 138 128 81 127 82 129 138 128 82 129 137 130 137 130 82 129 83 131 137 130 83 131 136 132 136 132 83 131 84 133 136 132 84 133 176 134 176 134 84 133 85 135 176 134 85 135 175 136 175 136 85 135 86 137 175 136 86 137 174 138 174 138 86 137 87 139 174 138 87 139 173 140 173 140 87 139 88 141 173 140 88 141 172 142 172 142 88 141 89 143 172 142 89 143 63 144 63 144 89 143 90 145 63 144 90 145 64 146 64 146 90 145 91 147 64 146 91 147 65 148 65 148 91 147 92 149 65 148 92 149 187 150 187 150 92 149 186 151 186 151 92 149 93 152 186 151 93 152 185 153 185 153 93 152 94 154 185 153 94 154 184 155 184 155 94 154 183 156 183 156 94 154 95 157 183 156 95 157 182 158 182 158 95 157 96 159 182 158 96 159 181 160 181 160 96 159 97 161 181 160 97 161 180 162 180 162 97 161 98 163 180 162 98 163 179 164 179 164 98 163 99 165 179 164 99 165 178 166 178 166 99 165 100 66 178 166 100 66 177 68 102 167 156 168 101 169 101 169 156 168 157 170 101 169 157 170 135 171 135 171 157 170 158 172 135 171 158 172 134 173 134 173 158 172 159 174 134 173 159 174 133 175 133 175 159 174 160 176 133 175 160 176 132 177 132 177 160 176 161 178 132 177 161 178 131 179 131 179 161 178 162 180 131 179 162 180 52 181 52 181 162 180 53 182 53 182 162 180 163 183 53 182 163 183 54 184 54 184 163 183 164 185 54 184 164 185 55 186 55 186 164 185 165 187 55 186 165 187 56 188 56 188 165 187 166 189 56 188 166 189 57 190 57 190 166 189 167 191 57 190 167 191 58 192 58 192 167 191 168 193 58 192 168 193 59 194 59 194 168 193 169 195 59 194 169 195 60 196 60 196 169 195 170 197 60 196 170 197 61 198 61 198 170 197 171 199 61 198 171 199 62 200 62 200 171 199 172 142 62 200 172 142 63 144 156 168 102 167 155 201 155 201 102 167 103 202 155 201 103 202 154 203 154 203 103 202 104 204 154 203 104 204 153 205 153 205 104 204 105 206 153 205 105 206 152 207 152 207 105 206 106 208 152 207 106 208 151 209 151 209 106 208 282 210 151 209 282 210 283 211 106 208 107 212 282 210 282 210 107 212 281 213 281 213 107 212 108 214 281 213 108 214 280 215 280 215 108 214 109 216 280 215 109 216 279 217 279 217 109 216 230 218 279 217 230 218 278 219 278 219 230 218 231 220 278 219 231 220 232 221 230 218 109 216 229 222 229 222 109 216 110 223 229 222 110 223 228 224 228 224 110 223 227 225 227 225 110 223 111 226 227 225 111 226 226 227 226 227 111 226 112 228 226 227 112 228 225 229 225 229 112 228 113 230 225 229 113 230 224 231 224 231 113 230 114 232 224 231 114 232 223 233 223 233 114 232 115 234 223 233 115 234 222 235 222 235 115 234 116 236 222 235 116 236 221 237 221 237 116 236 117 238 221 237 117 238 220 239 220 239 117 238 118 240 220 239 118 240 219 241 219 241 118 240 119 242 219 241 119 242 218 243 218 243 119 242 120 244 218 243 120 244 217 245 217 245 120 244 121 246 217 245 121 246 216 247 216 247 121 246 122 248 216 247 122 248 215 249 215 249 122 248 123 250 215 249 123 250 214 251 214 251 123 250 124 252 214 251 124 252 213 253 213 253 124 252 125 254 213 253 125 254 212 255 212 255 125 254 126 256 212 255 126 256 211 257 211 257 126 256 127 258 211 257 127 258 210 259 210 259 127 258 209 260 209 260 127 258 128 261 209 260 128 261 208 262 208 262 128 261 49 263 208 262 49 263 48 264 49 263 128 261 50 265 50 265 128 261 129 266 50 265 129 266 51 267 51 267 129 266 130 268 51 267 130 268 52 181 52 181 130 268 131 179 293 120 141 122 292 269 292 269 141 122 142 270 292 269 142 270 291 271 291 271 142 270 143 272 291 271 143 272 290 273 290 273 143 272 144 274 290 273 144 274 289 275 289 275 144 274 145 276 289 275 145 276 288 277 288 277 145 276 146 278 288 277 146 278 287 279 287 279 146 278 147 280 287 279 147 280 286 281 286 281 147 280 148 282 286 281 148 282 285 283 285 283 148 282 149 284 285 283 149 284 284 285 284 285 149 284 150 286 284 285 150 286 283 211 283 211 150 286 151 209 187 150 188 287 65 148 65 148 188 287 31 288 31 288 188 287 189 289 31 288 189 289 32 290 32 290 189 289 190 291 32 290 190 291 191 292 32 290 191 292 33 293 33 293 191 292 192 294 33 293 192 294 34 295 34 295 192 294 193 296 34 295 193 296 35 297 35 297 193 296 194 298 35 297 194 298 36 299 36 299 194 298 195 300 36 299 195 300 37 301 37 301 195 300 196 302 37 301 196 302 38 303 38 303 196 302 197 304 38 303 197 304 39 305 39 305 197 304 198 306 39 305 198 306 40 307 40 307 198 306 199 308 40 307 199 308 41 309 41 309 199 308 200 310 41 309 200 310 42 311 42 311 200 310 201 312 42 311 201 312 43 313 43 313 201 312 44 314 44 314 201 312 202 315 44 314 202 315 45 316 45 316 202 315 203 317 45 316 203 317 204 318 45 316 204 318 46 319 46 319 204 318 205 320 46 319 205 320 47 321 47 321 205 320 206 322 47 321 206 322 48 264 48 264 206 322 207 323 48 264 207 323 208 262 278 219 232 221 277 324 277 324 232 221 233 325 277 324 233 325 276 326 276 326 233 325 234 327 276 326 234 327 275 328 275 328 234 327 235 329 275 328 235 329 236 330 275 328 236 330 274 116 274 116 236 330 237 114 297 331 1 332 296 333 296 333 1 332 0 334 296 333 0 334 326 335 326 335 0 334 30 336 326 335 30 336 325 337 325 337 30 336 29 338 325 337 29 338 324 339 324 339 29 338 28 340 324 339 28 340 323 341 323 341 28 340 27 342 323 341 27 342 322 343 322 343 27 342 26 344 322 343 26 344 321 345 321 345 26 344 25 346 321 345 25 346 320 347 320 347 25 346 24 348 320 347 24 348 319 349 319 349 24 348 23 350 319 349 23 350 318 351 318 351 23 350 22 352 318 351 22 352 317 353 317 353 22 352 21 354 317 353 21 354 316 355 316 355 21 354 20 356 316 355 20 356 315 357 315 357 20 356 19 358 315 357 19 358 314 359 314 359 19 358 18 360 314 359 18 360 313 361 313 361 18 360 17 362 313 361 17 362 312 363 312 363 17 362 16 364 312 363 16 364 311 365 311 365 16 364 15 366 311 365 15 366 310 367 310 367 15 366 14 368 310 367 14 368 309 369 309 369 14 368 13 370 309 369 13 370 308 371 308 371 13 370 12 372 308 371 12 372 307 373 307 373 12 372 11 374 307 373 11 374 306 375 306 375 11 374 10 376 306 375 10 376 305 377 305 377 10 376 9 378 305 377 9 378 304 379 304 379 9 378 8 380 304 379 8 380 303 381 303 381 8 380 7 382 303 381 7 382 302 383 302 383 7 382 6 384 302 383 6 384 301 385 301 385 6 384 5 386 301 385 5 386 300 387 300 387 5 386 4 388 300 387 4 388 299 389 299 389 4 388 3 390 299 389 3 390 298 391 298 391 3 390 2 392 298 391 2 392 297 331 297 331 2 392 1 332 328 393 67 394 327 395 327 395 67 394 66 396 327 395 66 396 100 397 67 394 328 393 68 398 68 398 328 393 329 399 68 398 329 399 69 400 69 400 329 399 330 401 69 400 330 401 70 402 70 402 330 401 331 403 70 402 331 403 71 404 71 404 331 403 332 405 71 404 332 405 72 406 72 406 332 405 333 407 72 406 333 407 73 408 73 408 333 407 334 409 73 408 334 409 74 410 74 410 334 409 335 411 74 410 335 411 75 412 75 412 335 411 76 413 76 413 335 411 336 414 76 413 336 414 77 415 77 415 336 414 337 416 77 415 337 416 78 417 78 417 337 416 338 418 78 417 338 418 79 419 79 419 338 418 339 420 79 419 339 420 80 421 80 421 339 420 340 422 80 421 340 422 81 423 81 423 340 422 341 424 81 423 341 424 82 425 82 425 341 424 342 426 82 425 342 426 83 427 83 427 342 426 343 428 83 427 343 428 84 429 84 429 343 428 85 430 85 430 343 428 344 431 85 430 344 431 86 432 86 432 344 431 345 433 86 432 345 433 87 434 87 434 345 433 346 435 87 434 346 435 88 436 88 436 346 435 347 437 88 436 347 437 89 438 89 438 347 437 348 439 89 438 348 439 90 440 90 440 348 439 349 441 90 440 349 441 91 442 91 442 349 441 350 443 91 442 350 443 92 444 92 444 350 443 93 445 93 445 350 443 351 446 93 445 351 446 94 447 94 447 351 446 352 448 94 447 352 448 95 449 95 449 352 448 353 450 95 449 353 450 96 451 96 451 353 450 354 452 96 451 354 452 97 453 97 453 354 452 355 454 97 453 355 454 98 455 98 455 355 454 356 456 98 455 356 456 99 457 99 457 356 456 357 458 99 457 357 458 100 397 100 397 357 458 327 395 359 459 328 460 358 461 358 461 328 460 327 462 358 461 327 462 388 463 388 463 327 462 357 464 388 463 357 464 387 465 387 465 357 464 356 466 387 465 356 466 386 467 386 467 356 466 355 468 386 467 355 468 385 469 385 469 355 468 354 470 385 469 354 470 384 471 384 471 354 470 353 472 384 471 353 472 383 473 383 473 353 472 352 474 383 473 352 474 382 475 382 475 352 474 351 476 382 475 351 476 381 477 381 477 351 476 350 478 381 477 350 478 380 479 380 479 350 478 349 480 380 479 349 480 379 481 379 481 349 480 348 482 379 481 348 482 378 483 378 483 348 482 347 484 378 483 347 484 377 485 377 485 347 484 346 486 377 485 346 486 376 487 376 487 346 486 345 488 376 487 345 488 375 489 375 489 345 488 344 490 375 489 344 490 374 491 374 491 344 490 343 492 374 491 343 492 373 493 373 493 343 492 342 494 373 493 342 494 372 495 372 495 342 494 341 496 372 495 341 496 371 497 371 497 341 496 340 498 371 497 340 498 370 499 370 499 340 498 339 500 370 499 339 500 369 501 369 501 339 500 338 502 369 501 338 502 368 503 368 503 338 502 337 504 368 503 337 504 367 505 367 505 337 504 336 506 367 505 336 506 366 507 366 507 336 506 335 508 366 507 335 508 365 509 365 509 335 508 334 510 365 509 334 510 364 511 364 511 334 510 333 512 364 511 333 512 363 513 363 513 333 512 332 514 363 513 332 514 362 515 362 515 332 514 331 516 362 515 331 516 361 517 361 517 331 516 330 518 361 517 330 518 360 519 360 519 330 518 329 520 360 519 329 520 359 459 359 459 329 520 328 460 390 521 262 522 389 523 389 523 262 522 261 524 389 523 261 524 295 525 262 522 390 521 263 526 263 526 390 521 391 527 263 526 391 527 264 528 264 528 391 527 392 529 264 528 392 529 265 530 265 530 392 529 393 531 265 530 393 531 266 532 266 532 393 531 394 533 266 532 394 533 267 534 267 534 394 533 395 535 267 534 395 535 268 536 268 536 395 535 396 537 268 536 396 537 269 538 269 538 396 537 397 539 269 538 397 539 270 540 270 540 397 539 271 541 271 541 397 539 398 542 271 541 398 542 272 543 272 543 398 542 399 544 272 543 399 544 273 545 273 545 399 544 400 546 273 545 400 546 274 547 274 547 400 546 401 548 274 547 401 548 275 549 275 549 401 548 402 550 275 549 402 550 276 551 276 551 402 550 403 552 276 551 403 552 277 553 277 553 403 552 404 554 277 553 404 554 278 555 278 555 404 554 405 556 278 555 405 556 279 557 279 557 405 556 280 558 280 558 405 556 406 559 280 558 406 559 281 560 281 560 406 559 407 561 281 560 407 561 282 562 282 562 407 561 408 563 282 562 408 563 283 564 283 564 408 563 409 565 283 564 409 565 284 566 284 566 409 565 410 567 284 566 410 567 285 568 285 568 410 567 411 569 285 568 411 569 286 570 286 570 411 569 412 571 286 570 412 571 287 572 287 572 412 571 288 573 288 573 412 571 413 574 288 573 413 574 289 575 289 575 413 574 414 576 289 575 414 576 290 577 290 577 414 576 415 578 290 577 415 578 291 579 291 579 415 578 416 580 291 579 416 580 292 581 292 581 416 580 417 582 292 581 417 582 293 583 293 583 417 582 418 584 293 583 418 584 294 585 294 585 418 584 419 586 294 585 419 586 295 525 295 525 419 586 389 523 421 587 390 588 420 589 420 589 390 588 389 590 420 589 389 590 450 591 450 591 389 590 419 592 450 591 419 592 449 593 449 593 419 592 418 594 449 593 418 594 448 595 448 595 418 594 417 596 448 595 417 596 447 597 447 597 417 596 416 598 447 597 416 598 446 599 446 599 416 598 415 600 446 599 415 600 445 601 445 601 415 600 414 602 445 601 414 602 444 603 444 603 414 602 413 604 444 603 413 604 443 605 443 605 413 604 412 606 443 605 412 606 442 607 442 607 412 606 411 608 442 607 411 608 441 609 441 609 411 608 410 610 441 609 410 610 440 611 440 611 410 610 409 612 440 611 409 612 439 613 439 613 409 612 408 614 439 613 408 614 438 615 438 615 408 614 407 616 438 615 407 616 437 617 437 617 407 616 406 618 437 617 406 618 436 619 436 619 406 618 405 620 436 619 405 620 435 621 435 621 405 620 404 622 435 621 404 622 434 623 434 623 404 622 403 624 434 623 403 624 433 625 433 625 403 624 402 626 433 625 402 626 432 627 432 627 402 626 401 628 432 627 401 628 431 629 431 629 401 628 400 630 431 629 400 630 430 631 430 631 400 630 399 632 430 631 399 632 429 633 429 633 399 632 398 634 429 633 398 634 428 635 428 635 398 634 397 636 428 635 397 636 427 637 427 637 397 636 396 638 427 637 396 638 426 639 426 639 396 638 395 640 426 639 395 640 425 641 425 641 395 640 394 642 425 641 394 642 424 643 424 643 394 642 393 644 424 643 393 644 423 645 423 645 393 644 392 646 423 645 392 646 422 647 422 647 392 646 391 648 422 647 391 648 421 587 421 587 391 648 390 588 452 649 102 650 451 651 451 651 102 650 101 652 451 651 101 652 135 653 102 650 452 649 103 654 103 654 452 649 453 655 103 654 453 655 104 656 104 656 453 655 454 657 104 656 454 657 105 658 105 658 454 657 455 659 105 658 455 659 106 660 106 660 455 659 456 661 106 660 456 661 107 662 107 662 456 661 457 663 107 662 457 663 108 664 108 664 457 663 458 665 108 664 458 665 109 666 109 666 458 665 459 667 109 666 459 667 110 668 110 668 459 667 111 669 111 669 459 667 460 670 111 669 460 670 112 671 112 671 460 670 461 672 112 671 461 672 113 673 113 673 461 672 462 674 113 673 462 674 114 675 114 675 462 674 463 676 114 675 463 676 115 677 115 677 463 676 464 678 115 677 464 678 116 679 116 679 464 678 465 680 116 679 465 680 117 681 117 681 465 680 466 682 117 681 466 682 118 683 118 683 466 682 467 684 118 683 467 684 119 685 119 685 467 684 120 686 120 686 467 684 468 687 120 686 468 687 121 688 121 688 468 687 469 689 121 688 469 689 122 690 122 690 469 689 470 691 122 690 470 691 123 692 123 692 470 691 471 693 123 692 471 693 124 694 124 694 471 693 472 695 124 694 472 695 125 696 125 696 472 695 473 697 125 696 473 697 126 698 126 698 473 697 474 699 126 698 474 699 127 700 127 700 474 699 128 701 128 701 474 699 475 702 128 701 475 702 129 703 129 703 475 702 476 704 129 703 476 704 130 705 130 705 476 704 477 706 130 705 477 706 131 707 131 707 477 706 478 708 131 707 478 708 132 709 132 709 478 708 479 710 132 709 479 710 133 711 133 711 479 710 480 712 133 711 480 712 134 713 134 713 480 712 481 714 134 713 481 714 135 653 135 653 481 714 451 651 483 715 452 716 482 717 482 717 452 716 451 718 482 717 451 718 512 719 512 719 451 718 481 720 512 719 481 720 511 721 511 721 481 720 480 722 511 721 480 722 510 723 510 723 480 722 479 724 510 723 479 724 509 725 509 725 479 724 478 726 509 725 478 726 508 727 508 727 478 726 477 728 508 727 477 728 507 729 507 729 477 728 476 730 507 729 476 730 506 731 506 731 476 730 475 732 506 731 475 732 505 733 505 733 475 732 474 734 505 733 474 734 504 735 504 735 474 734 473 736 504 735 473 736 503 737 503 737 473 736 472 738 503 737 472 738 502 739 502 739 472 738 471 740 502 739 471 740 501 741 501 741 471 740 470 742 501 741 470 742 500 743 500 743 470 742 469 744 500 743 469 744 499 745 499 745 469 744 468 746 499 745 468 746 498 747 498 747 468 746 467 748 498 747 467 748 497 749 497 749 467 748 466 750 497 749 466 750 496 751 496 751 466 750 465 752 496 751 465 752 495 753 495 753 465 752 464 754 495 753 464 754 494 755 494 755 464 754 463 756 494 755 463 756 493 757 493 757 463 756 462 758 493 757 462 758 492 759 492 759 462 758 461 760 492 759 461 760 491 761 491 761 461 760 460 762 491 761 460 762 490 763 490 763 460 762 459 764 490 763 459 764 489 765 489 765 459 764 458 766 489 765 458 766 488 767 488 767 458 766 457 768 488 767 457 768 487 769 487 769 457 768 456 770 487 769 456 770 486 771 486 771 456 770 455 772 486 771 455 772 485 773 485 773 455 772 454 774 485 773 454 774 484 775 484 775 454 774 453 776 484 775 453 776 483 715 483 715 453 776 452 716 514 777 137 778 513 779 513 779 137 778 136 780 513 779 136 780 553 781 553 781 136 780 176 782 553 781 176 782 552 783 552 783 176 782 175 784 552 783 175 784 551 785 551 785 175 784 174 786 551 785 174 786 550 787 550 787 174 786 173 788 550 787 173 788 549 789 549 789 173 788 172 790 549 789 172 790 548 791 548 791 172 790 171 792 548 791 171 792 547 793 547 793 171 792 170 794 547 793 170 794 546 795 546 795 170 794 169 796 546 795 169 796 545 797 545 797 169 796 168 798 545 797 168 798 544 799 544 799 168 798 167 800 544 799 167 800 543 801 543 801 167 800 166 802 543 801 166 802 542 803 542 803 166 802 165 804 542 803 165 804 541 805 541 805 165 804 164 806 541 805 164 806 540 807 540 807 164 806 163 808 540 807 163 808 539 809 539 809 163 808 162 810 539 809 162 810 538 811 538 811 162 810 161 812 538 811 161 812 537 813 537 813 161 812 160 814 537 813 160 814 536 815 536 815 160 814 159 816 536 815 159 816 535 817 535 817 159 816 158 818 535 817 158 818 534 819 534 819 158 818 157 820 534 819 157 820 533 821 533 821 157 820 156 822 533 821 156 822 532 823 532 823 156 822 155 824 532 823 155 824 531 825 531 825 155 824 154 826 531 825 154 826 530 827 530 827 154 826 153 828 530 827 153 828 529 829 529 829 153 828 152 830 529 829 152 830 528 831 528 831 152 830 151 832 528 831 151 832 527 833 527 833 151 832 150 834 527 833 150 834 526 835 526 835 150 834 149 836 526 835 149 836 525 837 525 837 149 836 148 838 525 837 148 838 524 839 524 839 148 838 147 840 524 839 147 840 523 841 523 841 147 840 146 842 523 841 146 842 522 843 522 843 146 842 145 844 522 843 145 844 521 845 521 845 145 844 144 846 521 845 144 846 520 847 520 847 144 846 143 848 520 847 143 848 519 849 519 849 143 848 142 850 519 849 142 850 518 851 518 851 142 850 141 852 518 851 141 852 517 853 517 853 141 852 140 854 517 853 140 854 516 855 516 855 140 854 139 856 516 855 139 856 515 857 515 857 139 856 138 858 515 857 138 858 514 777 514 777 138 858 137 778 514 859 513 860 537 861 537 861 513 860 553 862 537 861 553 862 552 863 552 863 551 864 537 861 537 861 551 864 550 865 537 861 550 865 538 866 538 866 550 865 549 867 538 866 549 867 539 868 539 868 549 867 548 869 539 868 548 869 540 870 540 870 548 869 547 871 540 870 547 871 541 872 541 872 547 871 546 873 541 872 546 873 542 874 542 874 546 873 545 875 542 874 545 875 543 876 543 876 545 875 544 877 536 878 524 879 537 861 537 861 524 879 523 880 537 861 523 880 522 881 535 882 531 883 536 878 536 878 531 883 530 884 536 878 530 884 529 885 531 883 535 882 532 886 532 886 535 882 534 887 532 886 534 887 533 888 529 885 528 889 536 878 536 878 528 889 527 890 536 878 527 890 526 891 526 891 525 892 536 878 536 878 525 892 524 879 522 881 521 893 537 861 537 861 521 893 520 894 537 861 520 894 519 895 519 895 518 896 537 861 537 861 518 896 517 897 537 861 517 897 516 898 516 898 515 899 537 861 537 861 515 899 514 859 420 900 450 901 421 902 421 902 450 901 422 903 422 903 450 901 449 904 422 903 449 904 423 905 423 905 449 904 448 906 423 905 448 906 424 907 424 907 448 906 447 908 424 907 447 908 425 909 425 909 447 908 426 910 426 910 447 908 427 911 427 911 447 908 428 912 428 912 447 908 429 913 429 913 447 908 430 914 430 914 447 908 431 915 431 915 447 908 432 916 432 916 447 908 433 917 433 917 447 908 434 918 434 918 447 908 435 919 435 919 447 908 436 920 436 920 447 908 437 921 437 921 447 908 446 922 437 921 446 922 438 923 438 923 446 922 439 924 439 924 446 922 440 925 440 925 446 922 441 926 441 926 446 922 445 927 441 926 445 927 442 928 442 928 445 927 444 929 442 928 444 929 443 930 358 931 388 932 359 933 359 933 388 932 360 934 360 934 388 932 387 935 360 934 387 935 361 936 361 936 387 935 386 937 361 936 386 937 362 938 362 938 386 937 385 939 362 938 385 939 363 940 363 940 385 939 364 941 364 941 385 939 365 942 365 942 385 939 366 943 366 943 385 939 367 944 367 944 385 939 368 945 368 945 385 939 369 946 369 946 385 939 370 947 370 947 385 939 371 948 371 948 385 939 372 949 372 949 385 939 373 950 373 950 385 939 374 951 374 951 385 939 375 952 375 952 385 939 384 953 375 952 384 953 376 954 376 954 384 953 377 955 377 955 384 953 378 956 378 956 384 953 379 957 379 957 384 953 383 958 379 957 383 958 380 959 380 959 383 958 382 960 380 959 382 960 381 961 482 962 512 963 483 964 483 964 512 963 484 965 484 965 512 963 511 966 484 965 511 966 485 967 485 967 511 966 510 968 485 967 510 968 486 969 486 969 510 968 509 970 486 969 509 970 487 971 487 971 509 970 488 972 488 972 509 970 489 973 489 973 509 970 490 974 490 974 509 970 491 975 491 975 509 970 492 976 492 976 509 970 493 977 493 977 509 970 494 978 494 978 509 970 495 979 495 979 509 970 496 980 496 980 509 970 497 981 497 981 509 970 498 982 498 982 509 970 499 983 499 983 509 970 508 984 499 983 508 984 500 985 500 985 508 984 501 986 501 986 508 984 502 987 502 987 508 984 503 988 503 988 508 984 507 989 503 988 507 989 504 990 504 990 507 989 506 991 504 990 506 991 505 992 296 993 326 994 297 995 297 995 326 994 298 996 298 996 326 994 325 997 298 996 325 997 299 998 299 998 325 997 324 999 299 998 324 999 300 1000 300 1000 324 999 323 1001 300 1000 323 1001 301 1002 301 1002 323 1001 302 1003 302 1003 323 1001 303 1004 303 1004 323 1001 304 1005 304 1005 323 1001 305 1006 305 1006 323 1001 306 1007 306 1007 323 1001 307 1008 307 1008 323 1001 308 1009 308 1009 323 1001 309 1010 309 1010 323 1001 310 1011 310 1011 323 1001 311 1012 311 1012 323 1001 312 1013 312 1013 323 1001 313 1014 313 1014 323 1001 322 1015 313 1014 322 1015 314 1016 314 1016 322 1015 315 1017 315 1017 322 1015 316 1018 316 1018 322 1015 317 1019 317 1019 322 1015 321 1020 317 1019 321 1020 318 1021 318 1021 321 1020 320 1022 318 1021 320 1022 319 1023 555 1024 630 1025 554 1026 554 1026 630 1025 591 1027 554 1026 591 1027 592 1028 630 1025 555 1024 629 1029 629 1029 555 1024 556 1030 629 1029 556 1030 628 1031 628 1031 556 1030 557 1032 628 1031 557 1032 627 1033 627 1033 557 1032 558 1034 627 1033 558 1034 626 1035 626 1035 558 1034 559 1036 626 1035 559 1036 625 1037 625 1037 559 1036 560 1038 625 1037 560 1038 624 1039 624 1039 560 1038 561 1040 624 1039 561 1040 623 1041 623 1041 561 1040 562 1042 623 1041 562 1042 622 1043 622 1043 562 1042 563 1044 622 1043 563 1044 621 1045 621 1045 563 1044 564 1046 621 1045 564 1046 620 1047 620 1047 564 1046 565 1048 620 1047 565 1048 619 1049 619 1049 565 1048 566 1050 619 1049 566 1050 618 1051 618 1051 566 1050 617 1052 617 1052 566 1050 567 1053 617 1052 567 1053 616 1054 616 1054 567 1053 568 1055 616 1054 568 1055 615 1056 615 1056 568 1055 569 1057 615 1056 569 1057 614 1058 614 1058 569 1057 570 1059 614 1058 570 1059 613 1060 613 1060 570 1059 571 1061 613 1060 571 1061 612 1062 612 1062 571 1061 572 1063 612 1062 572 1063 611 1064 611 1064 572 1063 573 1065 611 1064 573 1065 610 1066 610 1066 573 1065 574 1067 610 1066 574 1067 609 1068 609 1068 574 1067 575 1069 609 1068 575 1069 608 1070 608 1070 575 1069 576 1071 608 1070 576 1071 607 1072 607 1072 576 1071 577 1073 607 1072 577 1073 606 1074 606 1074 577 1073 578 1075 606 1074 578 1075 605 1076 605 1076 578 1075 579 1077 605 1076 579 1077 604 1078 604 1078 579 1077 603 1079 603 1079 579 1077 580 1080 603 1079 580 1080 602 1081 602 1081 580 1080 581 1082 602 1081 581 1082 601 1083 601 1083 581 1082 582 1084 601 1083 582 1084 600 1085 600 1085 582 1084 583 1086 600 1085 583 1086 599 1087 599 1087 583 1086 584 1088 599 1087 584 1088 598 1089 598 1089 584 1088 585 1090 598 1089 585 1090 597 1091 597 1091 585 1090 586 1092 597 1091 586 1092 596 1093 596 1093 586 1092 587 1094 596 1093 587 1094 595 1095 595 1095 587 1094 588 1096 595 1095 588 1096 594 1097 594 1097 588 1096 589 1098 594 1097 589 1098 593 1099 593 1099 589 1098 590 1100 593 1099 590 1100 592 1028 592 1028 590 1100 554 1026 632 1101 838 1102 631 1103 631 1103 838 1102 839 1104 631 1103 839 1104 670 1105 670 1105 839 1104 840 1106 670 1105 840 1106 669 1107 669 1107 840 1106 841 1108 669 1107 841 1108 622 1109 622 1109 841 1108 623 1110 623 1110 841 1108 842 1111 623 1110 842 1111 624 1112 624 1112 842 1111 843 1113 624 1112 843 1113 625 1114 625 1114 843 1113 844 1115 625 1114 844 1115 626 1116 626 1116 844 1115 845 1117 626 1116 845 1117 627 1118 627 1118 845 1117 846 1119 627 1118 846 1119 628 1120 628 1120 846 1119 847 1121 628 1120 847 1121 629 1122 629 1122 847 1121 848 1123 629 1122 848 1123 630 1124 630 1124 848 1123 751 1125 630 1124 751 1125 591 1126 591 1126 751 1125 592 1127 592 1127 751 1125 752 1128 592 1127 752 1128 593 1129 593 1129 752 1128 753 1130 593 1129 753 1130 594 1131 594 1131 753 1130 754 1132 594 1131 754 1132 595 1133 595 1133 754 1132 755 1134 595 1133 755 1134 596 1135 596 1135 755 1134 756 1136 596 1135 756 1136 597 1137 597 1137 756 1136 757 1138 597 1137 757 1138 598 1139 598 1139 757 1138 758 1140 598 1139 758 1140 599 1141 599 1141 758 1140 759 1142 599 1141 759 1142 600 1143 600 1143 759 1142 713 1144 600 1143 713 1144 714 1145 838 1102 632 1101 837 1146 837 1146 632 1101 633 1147 837 1146 633 1147 836 1148 836 1148 633 1147 634 1149 836 1148 634 1149 835 1150 835 1150 634 1149 635 1151 835 1150 635 1151 834 1152 834 1152 635 1151 636 1153 834 1152 636 1153 637 1154 834 1152 637 1154 833 1155 833 1155 637 1154 638 1156 833 1155 638 1156 832 1157 832 1157 638 1156 639 1158 832 1157 639 1158 831 1159 831 1159 639 1158 640 1160 831 1159 640 1160 830 1161 830 1161 640 1160 641 1162 830 1161 641 1162 642 1163 830 1161 642 1163 829 1164 829 1164 642 1163 643 1165 829 1164 643 1165 828 1166 828 1166 643 1165 644 1167 828 1166 644 1167 827 1168 827 1168 644 1167 645 1169 827 1168 645 1169 826 1170 826 1170 645 1169 646 1171 826 1170 646 1171 825 1172 825 1172 646 1171 647 1173 825 1172 647 1173 893 1174 893 1174 647 1173 892 1175 892 1175 647 1173 648 1176 892 1175 648 1176 891 1177 891 1177 648 1176 649 1178 891 1177 649 1178 890 1179 890 1179 649 1178 650 1180 890 1179 650 1180 889 1181 889 1181 650 1180 651 1182 889 1181 651 1182 928 1183 928 1183 651 1182 652 1184 928 1183 652 1184 927 1185 927 1185 652 1184 653 1186 927 1185 653 1186 926 1187 926 1187 653 1186 654 1188 926 1187 654 1188 925 1189 925 1189 654 1188 655 1190 925 1189 655 1190 924 1191 924 1191 655 1190 656 1192 924 1191 656 1192 923 1193 923 1193 656 1192 657 1194 923 1193 657 1194 922 1195 922 1195 657 1194 658 1196 922 1195 658 1196 671 1197 671 1197 658 1196 611 1198 671 1197 611 1198 856 1199 856 1199 611 1198 724 1200 856 1199 724 1200 855 1201 855 1201 724 1200 725 1202 855 1201 725 1202 854 1203 854 1203 725 1202 726 1204 854 1203 726 1204 853 1205 853 1205 726 1204 727 1206 853 1205 727 1206 852 1207 852 1207 727 1206 728 1208 852 1207 728 1208 851 1209 851 1209 728 1208 729 1210 851 1209 729 1210 850 1211 850 1211 729 1210 730 1212 850 1211 730 1212 849 1213 849 1213 730 1212 731 1214 849 1213 731 1214 888 1215 888 1215 731 1214 732 1216 888 1215 732 1216 887 1217 887 1217 732 1216 733 1218 887 1217 733 1218 886 1219 886 1219 733 1218 734 1220 886 1219 734 1220 885 1221 885 1221 734 1220 735 1222 885 1221 735 1222 776 1223 776 1223 735 1222 775 1224 775 1224 735 1222 736 1225 775 1224 736 1225 774 1226 774 1226 736 1225 737 1227 774 1226 737 1227 773 1228 773 1228 737 1227 738 1229 773 1228 738 1229 772 1230 772 1230 738 1229 739 1231 772 1230 739 1231 771 1232 771 1232 739 1231 740 1233 771 1232 740 1233 770 1234 770 1234 740 1233 741 1235 770 1234 741 1235 742 1236 611 1198 658 1196 612 1237 612 1237 658 1196 659 1238 612 1237 659 1238 613 1239 613 1239 659 1238 660 1240 613 1239 660 1240 614 1241 614 1241 660 1240 661 1242 614 1241 661 1242 615 1243 615 1243 661 1242 662 1244 615 1243 662 1244 616 1245 616 1245 662 1244 663 1246 616 1245 663 1246 617 1247 617 1247 663 1246 664 1248 617 1247 664 1248 618 1249 618 1249 664 1248 665 1250 618 1249 665 1250 619 1251 619 1251 665 1250 666 1252 619 1251 666 1252 620 1253 620 1253 666 1252 667 1254 620 1253 667 1254 621 1255 621 1255 667 1254 668 1256 621 1255 668 1256 622 1109 622 1109 668 1256 669 1107 671 1197 672 1257 922 1195 922 1195 672 1257 921 1258 921 1258 672 1257 673 1259 921 1258 673 1259 920 1260 920 1260 673 1259 674 1261 920 1260 674 1261 919 1262 919 1262 674 1261 675 1263 919 1262 675 1263 918 1264 918 1264 675 1263 676 1265 918 1264 676 1265 917 1266 917 1266 676 1265 677 1267 917 1266 677 1267 916 1268 916 1268 677 1267 678 1269 916 1268 678 1269 915 1270 915 1270 678 1269 679 1271 915 1270 679 1271 914 1272 914 1272 679 1271 680 1273 914 1272 680 1273 913 1274 913 1274 680 1273 681 1275 913 1274 681 1275 912 1276 912 1276 681 1275 682 1277 912 1276 682 1277 911 1278 911 1278 682 1277 808 1279 911 1278 808 1279 809 1280 682 1277 683 1281 808 1279 808 1279 683 1281 807 1282 807 1282 683 1281 684 1283 807 1282 684 1283 806 1284 806 1284 684 1283 685 1285 806 1284 685 1285 805 1286 805 1286 685 1285 686 1287 805 1286 686 1287 804 1288 804 1288 686 1287 687 1289 804 1288 687 1289 803 1290 803 1290 687 1289 688 1291 803 1290 688 1291 802 1292 802 1292 688 1291 689 1293 802 1292 689 1293 801 1294 801 1294 689 1293 690 1295 801 1294 690 1295 800 1296 800 1296 690 1295 691 1297 800 1296 691 1297 692 1298 800 1296 692 1298 799 1299 799 1299 692 1298 693 1300 799 1299 693 1300 798 1301 798 1301 693 1300 694 1302 798 1301 694 1302 797 1303 797 1303 694 1302 695 1304 797 1303 695 1304 796 1305 796 1305 695 1304 696 1306 796 1305 696 1306 795 1307 795 1307 696 1306 697 1308 795 1307 697 1308 794 1309 794 1309 697 1308 698 1310 794 1309 698 1310 793 1311 793 1311 698 1310 699 1312 793 1311 699 1312 792 1313 792 1313 699 1312 700 1314 792 1313 700 1314 867 1315 867 1315 700 1314 866 1316 866 1316 700 1314 701 1317 866 1316 701 1317 865 1318 865 1318 701 1317 702 1319 865 1318 702 1319 864 1320 864 1320 702 1319 703 1321 864 1320 703 1321 863 1322 863 1322 703 1321 704 1323 863 1322 704 1323 862 1324 862 1324 704 1323 705 1325 862 1324 705 1325 861 1326 861 1326 705 1325 706 1327 861 1326 706 1327 860 1328 860 1328 706 1327 707 1329 860 1328 707 1329 859 1330 859 1330 707 1329 708 1331 859 1330 708 1331 858 1332 858 1332 708 1331 709 1333 858 1332 709 1333 857 1334 857 1334 709 1333 710 1335 857 1334 710 1335 856 1199 856 1199 710 1335 671 1197 712 1336 761 1337 711 1338 711 1338 761 1337 762 1339 711 1338 762 1339 750 1340 750 1340 762 1339 763 1341 750 1340 763 1341 749 1342 749 1342 763 1341 764 1343 749 1342 764 1343 748 1344 748 1344 764 1343 765 1345 748 1344 765 1345 747 1346 747 1346 765 1345 766 1347 747 1346 766 1347 746 1348 746 1348 766 1347 745 1349 745 1349 766 1347 767 1350 745 1349 767 1350 744 1351 744 1351 767 1350 768 1352 744 1351 768 1352 743 1353 743 1353 768 1352 769 1354 743 1353 769 1354 742 1236 742 1236 769 1354 770 1234 761 1337 712 1336 760 1355 760 1355 712 1336 713 1144 760 1355 713 1144 759 1142 600 1143 714 1145 601 1356 601 1356 714 1145 715 1357 601 1356 715 1357 602 1358 602 1358 715 1357 716 1359 602 1358 716 1359 603 1360 603 1360 716 1359 717 1361 603 1360 717 1361 604 1362 604 1362 717 1361 718 1363 604 1362 718 1363 605 1364 605 1364 718 1363 719 1365 605 1364 719 1365 606 1366 606 1366 719 1365 720 1367 606 1366 720 1367 607 1368 607 1368 720 1367 721 1369 607 1368 721 1369 608 1370 608 1370 721 1369 722 1371 608 1370 722 1371 609 1372 609 1372 722 1371 723 1373 609 1372 723 1373 610 1374 610 1374 723 1373 724 1200 610 1374 724 1200 611 1198 885 1221 776 1223 884 1375 884 1375 776 1223 777 1376 884 1375 777 1376 883 1377 883 1377 777 1376 778 1378 883 1377 778 1378 882 1379 882 1379 778 1378 779 1380 882 1379 779 1380 881 1381 881 1381 779 1380 780 1382 881 1381 780 1382 880 1383 880 1383 780 1382 781 1384 880 1383 781 1384 879 1385 879 1385 781 1384 878 1386 878 1386 781 1384 782 1387 878 1386 782 1387 877 1388 877 1388 782 1387 783 1389 877 1388 783 1389 876 1390 876 1390 783 1389 784 1391 876 1390 784 1391 875 1392 875 1392 784 1391 785 1393 875 1392 785 1393 874 1394 874 1394 785 1393 873 1395 873 1395 785 1393 786 1396 873 1395 786 1396 872 1397 872 1397 786 1396 787 1398 872 1397 787 1398 871 1399 871 1399 787 1398 788 1400 871 1399 788 1400 870 1401 870 1401 788 1400 789 1402 870 1401 789 1402 869 1403 869 1403 789 1402 790 1404 869 1403 790 1404 868 1405 868 1405 790 1404 791 1406 868 1405 791 1406 867 1315 867 1315 791 1406 792 1313 911 1278 809 1280 910 1407 910 1407 809 1280 810 1408 910 1407 810 1408 909 1409 909 1409 810 1408 811 1410 909 1409 811 1410 908 1411 908 1411 811 1410 812 1412 908 1411 812 1412 907 1413 907 1413 812 1412 813 1414 907 1413 813 1414 906 1415 906 1415 813 1414 814 1416 906 1415 814 1416 905 1417 905 1417 814 1416 815 1418 905 1417 815 1418 904 1419 904 1419 815 1418 903 1420 903 1420 815 1418 816 1421 903 1420 816 1421 902 1422 902 1422 816 1421 817 1423 902 1422 817 1423 901 1424 901 1424 817 1423 818 1425 901 1424 818 1425 900 1426 900 1426 818 1425 819 1427 900 1426 819 1427 899 1428 899 1428 819 1427 898 1429 898 1429 819 1427 820 1430 898 1429 820 1430 897 1431 897 1431 820 1430 821 1432 897 1431 821 1432 896 1433 896 1433 821 1432 822 1434 896 1433 822 1434 895 1435 895 1435 822 1434 823 1436 895 1435 823 1436 894 1437 894 1437 823 1436 824 1438 894 1437 824 1438 893 1174 893 1174 824 1438 825 1172 930 1439 555 1440 929 1441 929 1441 555 1440 554 1442 929 1441 554 1442 965 1443 965 1443 554 1442 590 1444 965 1443 590 1444 964 1445 964 1445 590 1444 589 1446 964 1445 589 1446 963 1447 963 1447 589 1446 588 1448 963 1447 588 1448 962 1449 962 1449 588 1448 587 1450 962 1449 587 1450 961 1451 961 1451 587 1450 586 1452 961 1451 586 1452 960 1453 960 1453 586 1452 585 1454 960 1453 585 1454 959 1455 959 1455 585 1454 584 1456 959 1455 584 1456 958 1457 958 1457 584 1456 583 1458 958 1457 583 1458 957 1459 957 1459 583 1458 582 1460 957 1459 582 1460 956 1461 956 1461 582 1460 581 1462 956 1461 581 1462 955 1463 955 1463 581 1462 580 1464 955 1463 580 1464 954 1465 954 1465 580 1464 579 1466 954 1465 579 1466 953 1467 953 1467 579 1466 578 1468 953 1467 578 1468 952 1469 952 1469 578 1468 577 1470 952 1469 577 1470 951 1471 951 1471 577 1470 576 1472 951 1471 576 1472 950 1473 950 1473 576 1472 575 1474 950 1473 575 1474 949 1475 949 1475 575 1474 574 1476 949 1475 574 1476 948 1477 948 1477 574 1476 573 1478 948 1477 573 1478 947 1479 947 1479 573 1478 572 1480 947 1479 572 1480 946 1481 946 1481 572 1480 571 1482 946 1481 571 1482 945 1483 945 1483 571 1482 570 1484 945 1483 570 1484 944 1485 944 1485 570 1484 569 1486 944 1485 569 1486 943 1487 943 1487 569 1486 568 1488 943 1487 568 1488 942 1489 942 1489 568 1488 567 1490 942 1489 567 1490 941 1491 941 1491 567 1490 566 1492 941 1491 566 1492 940 1493 940 1493 566 1492 565 1494 940 1493 565 1494 939 1495 939 1495 565 1494 564 1496 939 1495 564 1496 938 1497 938 1497 564 1496 563 1498 938 1497 563 1498 937 1499 937 1499 563 1498 562 1500 937 1499 562 1500 936 1501 936 1501 562 1500 561 1502 936 1501 561 1502 935 1503 935 1503 561 1502 560 1504 935 1503 560 1504 934 1505 934 1505 560 1504 559 1506 934 1505 559 1506 933 1507 933 1507 559 1506 558 1508 933 1507 558 1508 932 1509 932 1509 558 1508 557 1510 932 1509 557 1510 931 1511 931 1511 557 1510 556 1512 931 1511 556 1512 930 1439 930 1439 556 1512 555 1440 967 1513 632 1514 966 1515 966 1515 632 1514 631 1516 966 1515 631 1516 670 1517 632 1514 967 1513 633 1518 633 1518 967 1513 968 1519 633 1518 968 1519 634 1520 634 1520 968 1519 969 1521 634 1520 969 1521 635 1522 635 1522 969 1521 970 1523 635 1522 970 1523 636 1524 636 1524 970 1523 971 1525 636 1524 971 1525 637 1526 637 1526 971 1525 972 1527 637 1526 972 1527 638 1528 638 1528 972 1527 973 1529 638 1528 973 1529 639 1530 639 1530 973 1529 974 1531 639 1530 974 1531 640 1532 640 1532 974 1531 975 1533 640 1532 975 1533 641 1534 641 1534 975 1533 976 1535 641 1534 976 1535 642 1536 642 1536 976 1535 977 1537 642 1536 977 1537 643 1538 643 1538 977 1537 978 1539 643 1538 978 1539 644 1540 644 1540 978 1539 645 1541 645 1541 978 1539 979 1542 645 1541 979 1542 646 1543 646 1543 979 1542 980 1544 646 1543 980 1544 647 1545 647 1545 980 1544 981 1546 647 1545 981 1546 648 1547 648 1547 981 1546 982 1548 648 1547 982 1548 649 1549 649 1549 982 1548 983 1550 649 1549 983 1550 650 1551 650 1551 983 1550 984 1552 650 1551 984 1552 651 1553 651 1553 984 1552 985 1554 651 1553 985 1554 652 1555 652 1555 985 1554 986 1556 652 1555 986 1556 653 1557 653 1557 986 1556 987 1558 653 1557 987 1558 654 1559 654 1559 987 1558 988 1560 654 1559 988 1560 655 1561 655 1561 988 1560 989 1562 655 1561 989 1562 656 1563 656 1563 989 1562 990 1564 656 1563 990 1564 657 1565 657 1565 990 1564 991 1566 657 1565 991 1566 658 1567 658 1567 991 1566 659 1568 659 1568 991 1566 992 1569 659 1568 992 1569 660 1570 660 1570 992 1569 993 1571 660 1570 993 1571 661 1572 661 1572 993 1571 994 1573 661 1572 994 1573 662 1574 662 1574 994 1573 995 1575 662 1574 995 1575 663 1576 663 1576 995 1575 996 1577 663 1576 996 1577 664 1578 664 1578 996 1577 997 1579 664 1578 997 1579 665 1580 665 1580 997 1579 998 1581 665 1580 998 1581 666 1582 666 1582 998 1581 999 1583 666 1582 999 1583 667 1584 667 1584 999 1583 1000 1585 667 1584 1000 1585 668 1586 668 1586 1000 1585 1001 1587 668 1586 1001 1587 669 1588 669 1588 1001 1587 1002 1589 669 1588 1002 1589 670 1517 670 1517 1002 1589 966 1515 1004 1590 967 1591 1003 1592 1003 1592 967 1591 966 1593 1003 1592 966 1593 1039 1594 1039 1594 966 1593 1002 1595 1039 1594 1002 1595 1038 1596 1038 1596 1002 1595 1001 1597 1038 1596 1001 1597 1037 1598 1037 1598 1001 1597 1000 1599 1037 1598 1000 1599 1036 1600 1036 1600 1000 1599 999 1601 1036 1600 999 1601 1035 1602 1035 1602 999 1601 998 1603 1035 1602 998 1603 1034 1604 1034 1604 998 1603 997 1605 1034 1604 997 1605 1033 1606 1033 1606 997 1605 996 1607 1033 1606 996 1607 1032 1608 1032 1608 996 1607 995 1609 1032 1608 995 1609 1031 1610 1031 1610 995 1609 994 1611 1031 1610 994 1611 1030 1612 1030 1612 994 1611 993 1613 1030 1612 993 1613 1029 1614 1029 1614 993 1613 992 1615 1029 1614 992 1615 1028 1616 1028 1616 992 1615 991 1617 1028 1616 991 1617 1027 1618 1027 1618 991 1617 990 1619 1027 1618 990 1619 1026 1620 1026 1620 990 1619 989 1621 1026 1620 989 1621 1025 1622 1025 1622 989 1621 988 1623 1025 1622 988 1623 1024 1624 1024 1624 988 1623 987 1625 1024 1624 987 1625 1023 1626 1023 1626 987 1625 986 1627 1023 1626 986 1627 1022 1628 1022 1628 986 1627 985 1629 1022 1628 985 1629 1021 1630 1021 1630 985 1629 984 1631 1021 1630 984 1631 1020 1632 1020 1632 984 1631 983 1633 1020 1632 983 1633 1019 1634 1019 1634 983 1633 982 1635 1019 1634 982 1635 1018 1636 1018 1636 982 1635 981 1637 1018 1636 981 1637 1017 1638 1017 1638 981 1637 980 1639 1017 1638 980 1639 1016 1640 1016 1640 980 1639 979 1641 1016 1640 979 1641 1015 1642 1015 1642 979 1641 978 1643 1015 1642 978 1643 1014 1644 1014 1644 978 1643 977 1645 1014 1644 977 1645 1013 1646 1013 1646 977 1645 976 1647 1013 1646 976 1647 1012 1648 1012 1648 976 1647 975 1649 1012 1648 975 1649 1011 1650 1011 1650 975 1649 974 1651 1011 1650 974 1651 1010 1652 1010 1652 974 1651 973 1653 1010 1652 973 1653 1009 1654 1009 1654 973 1653 972 1655 1009 1654 972 1655 1008 1656 1008 1656 972 1655 971 1657 1008 1656 971 1657 1007 1658 1007 1658 971 1657 970 1659 1007 1658 970 1659 1006 1660 1006 1660 970 1659 969 1661 1006 1660 969 1661 1005 1662 1005 1662 969 1661 968 1663 1005 1662 968 1663 1004 1590 1004 1590 968 1663 967 1591 1041 1664 890 1665 1040 1666 1040 1666 890 1665 889 1667 1040 1666 889 1667 928 1668 890 1665 1041 1664 891 1669 891 1669 1041 1664 1042 1670 891 1669 1042 1670 892 1671 892 1671 1042 1670 1043 1672 892 1671 1043 1672 893 1673 893 1673 1043 1672 1044 1674 893 1673 1044 1674 894 1675 894 1675 1044 1674 1045 1676 894 1675 1045 1676 895 1677 895 1677 1045 1676 1046 1678 895 1677 1046 1678 896 1679 896 1679 1046 1678 1047 1680 896 1679 1047 1680 897 1681 897 1681 1047 1680 1048 1682 897 1681 1048 1682 898 1683 898 1683 1048 1682 1049 1684 898 1683 1049 1684 899 1685 899 1685 1049 1684 1050 1686 899 1685 1050 1686 900 1687 900 1687 1050 1686 1051 1688 900 1687 1051 1688 901 1689 901 1689 1051 1688 1052 1690 901 1689 1052 1690 902 1691 902 1691 1052 1690 903 1692 903 1692 1052 1690 1053 1693 903 1692 1053 1693 904 1694 904 1694 1053 1693 1054 1695 904 1694 1054 1695 905 1696 905 1696 1054 1695 1055 1697 905 1696 1055 1697 906 1698 906 1698 1055 1697 1056 1699 906 1698 1056 1699 907 1700 907 1700 1056 1699 1057 1701 907 1700 1057 1701 908 1702 908 1702 1057 1701 1058 1703 908 1702 1058 1703 909 1704 909 1704 1058 1703 1059 1705 909 1704 1059 1705 910 1706 910 1706 1059 1705 1060 1707 910 1706 1060 1707 911 1708 911 1708 1060 1707 1061 1709 911 1708 1061 1709 912 1710 912 1710 1061 1709 1062 1711 912 1710 1062 1711 913 1712 913 1712 1062 1711 1063 1713 913 1712 1063 1713 914 1714 914 1714 1063 1713 1064 1715 914 1714 1064 1715 915 1716 915 1716 1064 1715 1065 1717 915 1716 1065 1717 916 1718 916 1718 1065 1717 917 1719 917 1719 1065 1717 1066 1720 917 1719 1066 1720 918 1721 918 1721 1066 1720 1067 1722 918 1721 1067 1722 919 1723 919 1723 1067 1722 1068 1724 919 1723 1068 1724 920 1725 920 1725 1068 1724 1069 1726 920 1725 1069 1726 921 1727 921 1727 1069 1726 1070 1728 921 1727 1070 1728 922 1729 922 1729 1070 1728 1071 1730 922 1729 1071 1730 923 1731 923 1731 1071 1730 1072 1732 923 1731 1072 1732 924 1733 924 1733 1072 1732 1073 1734 924 1733 1073 1734 925 1735 925 1735 1073 1734 1074 1736 925 1735 1074 1736 926 1737 926 1737 1074 1736 1075 1738 926 1737 1075 1738 927 1739 927 1739 1075 1738 1076 1740 927 1739 1076 1740 928 1668 928 1668 1076 1740 1040 1666 1078 1741 1041 1742 1077 1743 1077 1743 1041 1742 1040 1744 1077 1743 1040 1744 1113 1745 1113 1745 1040 1744 1076 1746 1113 1745 1076 1746 1112 1747 1112 1747 1076 1746 1075 1748 1112 1747 1075 1748 1111 1749 1111 1749 1075 1748 1074 1750 1111 1749 1074 1750 1110 1751 1110 1751 1074 1750 1073 1752 1110 1751 1073 1752 1109 1753 1109 1753 1073 1752 1072 1754 1109 1753 1072 1754 1108 1755 1108 1755 1072 1754 1071 1756 1108 1755 1071 1756 1107 1757 1107 1757 1071 1756 1070 1758 1107 1757 1070 1758 1106 1759 1106 1759 1070 1758 1069 1760 1106 1759 1069 1760 1105 1761 1105 1761 1069 1760 1068 1762 1105 1761 1068 1762 1104 1763 1104 1763 1068 1762 1067 1764 1104 1763 1067 1764 1103 1765 1103 1765 1067 1764 1066 1766 1103 1765 1066 1766 1102 1767 1102 1767 1066 1766 1065 1768 1102 1767 1065 1768 1101 1769 1101 1769 1065 1768 1064 1770 1101 1769 1064 1770 1100 1771 1100 1771 1064 1770 1063 1772 1100 1771 1063 1772 1099 1773 1099 1773 1063 1772 1062 1774 1099 1773 1062 1774 1098 1775 1098 1775 1062 1774 1061 1776 1098 1775 1061 1776 1097 1777 1097 1777 1061 1776 1060 1778 1097 1777 1060 1778 1096 1779 1096 1779 1060 1778 1059 1780 1096 1779 1059 1780 1095 1781 1095 1781 1059 1780 1058 1782 1095 1781 1058 1782 1094 1783 1094 1783 1058 1782 1057 1784 1094 1783 1057 1784 1093 1785 1093 1785 1057 1784 1056 1786 1093 1785 1056 1786 1092 1787 1092 1787 1056 1786 1055 1788 1092 1787 1055 1788 1091 1789 1091 1789 1055 1788 1054 1790 1091 1789 1054 1790 1090 1791 1090 1791 1054 1790 1053 1792 1090 1791 1053 1792 1089 1793 1089 1793 1053 1792 1052 1794 1089 1793 1052 1794 1088 1795 1088 1795 1052 1794 1051 1796 1088 1795 1051 1796 1087 1797 1087 1797 1051 1796 1050 1798 1087 1797 1050 1798 1086 1799 1086 1799 1050 1798 1049 1800 1086 1799 1049 1800 1085 1801 1085 1801 1049 1800 1048 1802 1085 1801 1048 1802 1084 1803 1084 1803 1048 1802 1047 1804 1084 1803 1047 1804 1083 1805 1083 1805 1047 1804 1046 1806 1083 1805 1046 1806 1082 1807 1082 1807 1046 1806 1045 1808 1082 1807 1045 1808 1081 1809 1081 1809 1045 1808 1044 1810 1081 1809 1044 1810 1080 1811 1080 1811 1044 1810 1043 1812 1080 1811 1043 1812 1079 1813 1079 1813 1043 1812 1042 1814 1079 1813 1042 1814 1078 1741 1078 1741 1042 1814 1041 1742 1115 1815 672 1816 1114 1817 1114 1817 672 1816 671 1818 1114 1817 671 1818 710 1819 672 1816 1115 1815 673 1820 673 1820 1115 1815 1116 1821 673 1820 1116 1821 674 1822 674 1822 1116 1821 1117 1823 674 1822 1117 1823 675 1824 675 1824 1117 1823 1118 1825 675 1824 1118 1825 676 1826 676 1826 1118 1825 1119 1827 676 1826 1119 1827 677 1828 677 1828 1119 1827 1120 1829 677 1828 1120 1829 678 1830 678 1830 1120 1829 1121 1831 678 1830 1121 1831 679 1832 679 1832 1121 1831 1122 1833 679 1832 1122 1833 680 1834 680 1834 1122 1833 1123 1835 680 1834 1123 1835 681 1836 681 1836 1123 1835 1124 1837 681 1836 1124 1837 682 1838 682 1838 1124 1837 1125 1839 682 1838 1125 1839 683 1840 683 1840 1125 1839 1126 1841 683 1840 1126 1841 684 1842 684 1842 1126 1841 685 1843 685 1843 1126 1841 1127 1844 685 1843 1127 1844 686 1845 686 1845 1127 1844 1128 1846 686 1845 1128 1846 687 1847 687 1847 1128 1846 1129 1848 687 1847 1129 1848 688 1849 688 1849 1129 1848 1130 1850 688 1849 1130 1850 689 1851 689 1851 1130 1850 1131 1852 689 1851 1131 1852 690 1853 690 1853 1131 1852 1132 1854 690 1853 1132 1854 691 1855 691 1855 1132 1854 1133 1856 691 1855 1133 1856 692 1857 692 1857 1133 1856 1134 1858 692 1857 1134 1858 693 1859 693 1859 1134 1858 1135 1860 693 1859 1135 1860 694 1861 694 1861 1135 1860 1136 1862 694 1861 1136 1862 695 1863 695 1863 1136 1862 1137 1864 695 1863 1137 1864 696 1865 696 1865 1137 1864 1138 1866 696 1865 1138 1866 697 1867 697 1867 1138 1866 1139 1868 697 1867 1139 1868 698 1869 698 1869 1139 1868 699 1870 699 1870 1139 1868 1140 1871 699 1870 1140 1871 700 1872 700 1872 1140 1871 1141 1873 700 1872 1141 1873 701 1874 701 1874 1141 1873 1142 1875 701 1874 1142 1875 702 1876 702 1876 1142 1875 1143 1877 702 1876 1143 1877 703 1878 703 1878 1143 1877 1144 1879 703 1878 1144 1879 704 1880 704 1880 1144 1879 1145 1881 704 1880 1145 1881 705 1882 705 1882 1145 1881 1146 1883 705 1882 1146 1883 706 1884 706 1884 1146 1883 1147 1885 706 1884 1147 1885 707 1886 707 1886 1147 1885 1148 1887 707 1886 1148 1887 708 1888 708 1888 1148 1887 1149 1889 708 1888 1149 1889 709 1890 709 1890 1149 1889 1150 1891 709 1890 1150 1891 710 1819 710 1819 1150 1891 1114 1817 1152 1892 1115 1893 1151 1894 1151 1894 1115 1893 1114 1895 1151 1894 1114 1895 1187 1896 1187 1896 1114 1895 1150 1897 1187 1896 1150 1897 1186 1898 1186 1898 1150 1897 1149 1899 1186 1898 1149 1899 1185 1900 1185 1900 1149 1899 1148 1901 1185 1900 1148 1901 1184 1902 1184 1902 1148 1901 1147 1903 1184 1902 1147 1903 1183 1904 1183 1904 1147 1903 1146 1905 1183 1904 1146 1905 1182 1906 1182 1906 1146 1905 1145 1907 1182 1906 1145 1907 1181 1908 1181 1908 1145 1907 1144 1909 1181 1908 1144 1909 1180 1910 1180 1910 1144 1909 1143 1911 1180 1910 1143 1911 1179 1912 1179 1912 1143 1911 1142 1913 1179 1912 1142 1913 1178 1914 1178 1914 1142 1913 1141 1915 1178 1914 1141 1915 1177 1916 1177 1916 1141 1915 1140 1917 1177 1916 1140 1917 1176 1918 1176 1918 1140 1917 1139 1919 1176 1918 1139 1919 1175 1920 1175 1920 1139 1919 1138 1921 1175 1920 1138 1921 1174 1922 1174 1922 1138 1921 1137 1923 1174 1922 1137 1923 1173 1924 1173 1924 1137 1923 1136 1925 1173 1924 1136 1925 1172 1926 1172 1926 1136 1925 1135 1927 1172 1926 1135 1927 1171 1928 1171 1928 1135 1927 1134 1929 1171 1928 1134 1929 1170 1930 1170 1930 1134 1929 1133 1931 1170 1930 1133 1931 1169 1932 1169 1932 1133 1931 1132 1933 1169 1932 1132 1933 1168 1934 1168 1934 1132 1933 1131 1935 1168 1934 1131 1935 1167 1936 1167 1936 1131 1935 1130 1937 1167 1936 1130 1937 1166 1938 1166 1938 1130 1937 1129 1939 1166 1938 1129 1939 1165 1940 1165 1940 1129 1939 1128 1941 1165 1940 1128 1941 1164 1942 1164 1942 1128 1941 1127 1943 1164 1942 1127 1943 1163 1944 1163 1944 1127 1943 1126 1945 1163 1944 1126 1945 1162 1946 1162 1946 1126 1945 1125 1947 1162 1946 1125 1947 1161 1948 1161 1948 1125 1947 1124 1949 1161 1948 1124 1949 1160 1950 1160 1950 1124 1949 1123 1951 1160 1950 1123 1951 1159 1952 1159 1952 1123 1951 1122 1953 1159 1952 1122 1953 1158 1954 1158 1954 1122 1953 1121 1955 1158 1954 1121 1955 1157 1956 1157 1956 1121 1955 1120 1957 1157 1956 1120 1957 1156 1958 1156 1958 1120 1957 1119 1959 1156 1958 1119 1959 1155 1960 1155 1960 1119 1959 1118 1961 1155 1960 1118 1961 1154 1962 1154 1962 1118 1961 1117 1963 1154 1962 1117 1963 1153 1964 1153 1964 1117 1963 1116 1965 1153 1964 1116 1965 1152 1892 1152 1892 1116 1965 1115 1893 1189 1966 850 1967 1188 1968 1188 1968 850 1967 849 1969 1188 1968 849 1969 888 1970 850 1967 1189 1966 851 1971 851 1971 1189 1966 1190 1972 851 1971 1190 1972 852 1973 852 1973 1190 1972 1191 1974 852 1973 1191 1974 853 1975 853 1975 1191 1974 1192 1976 853 1975 1192 1976 854 1977 854 1977 1192 1976 1193 1978 854 1977 1193 1978 855 1979 855 1979 1193 1978 1194 1980 855 1979 1194 1980 856 1981 856 1981 1194 1980 1195 1982 856 1981 1195 1982 857 1983 857 1983 1195 1982 1196 1984 857 1983 1196 1984 858 1985 858 1985 1196 1984 1197 1986 858 1985 1197 1986 859 1987 859 1987 1197 1986 1198 1988 859 1987 1198 1988 860 1989 860 1989 1198 1988 1199 1990 860 1989 1199 1990 861 1991 861 1991 1199 1990 1200 1992 861 1991 1200 1992 862 1993 862 1993 1200 1992 863 1994 863 1994 1200 1992 1201 1995 863 1994 1201 1995 864 1996 864 1996 1201 1995 1202 1997 864 1996 1202 1997 865 1998 865 1998 1202 1997 1203 1999 865 1998 1203 1999 866 2000 866 2000 1203 1999 1204 2001 866 2000 1204 2001 867 2002 867 2002 1204 2001 1205 2003 867 2002 1205 2003 868 2004 868 2004 1205 2003 1206 2005 868 2004 1206 2005 869 2006 869 2006 1206 2005 1207 2007 869 2006 1207 2007 870 2008 870 2008 1207 2007 1208 2009 870 2008 1208 2009 871 2010 871 2010 1208 2009 1209 2011 871 2010 1209 2011 872 2012 872 2012 1209 2011 1210 2013 872 2012 1210 2013 873 2014 873 2014 1210 2013 1211 2015 873 2014 1211 2015 874 2016 874 2016 1211 2015 1212 2017 874 2016 1212 2017 875 2018 875 2018 1212 2017 1213 2019 875 2018 1213 2019 876 2020 876 2020 1213 2019 877 2021 877 2021 1213 2019 1214 2022 877 2021 1214 2022 878 2023 878 2023 1214 2022 1215 2024 878 2023 1215 2024 879 2025 879 2025 1215 2024 1216 2026 879 2025 1216 2026 880 2027 880 2027 1216 2026 1217 2028 880 2027 1217 2028 881 2029 881 2029 1217 2028 1218 2030 881 2029 1218 2030 882 2031 882 2031 1218 2030 1219 2032 882 2031 1219 2032 883 2033 883 2033 1219 2032 1220 2034 883 2033 1220 2034 884 2035 884 2035 1220 2034 1221 2036 884 2035 1221 2036 885 2037 885 2037 1221 2036 1222 2038 885 2037 1222 2038 886 2039 886 2039 1222 2038 1223 2040 886 2039 1223 2040 887 2041 887 2041 1223 2040 1224 2042 887 2041 1224 2042 888 1970 888 1970 1224 2042 1188 1968 1226 2043 1189 2044 1225 2045 1225 2045 1189 2044 1188 2046 1225 2045 1188 2046 1261 2047 1261 2047 1188 2046 1224 2048 1261 2047 1224 2048 1260 2049 1260 2049 1224 2048 1223 2050 1260 2049 1223 2050 1259 2051 1259 2051 1223 2050 1222 2052 1259 2051 1222 2052 1258 2053 1258 2053 1222 2052 1221 2054 1258 2053 1221 2054 1257 2055 1257 2055 1221 2054 1220 2056 1257 2055 1220 2056 1256 2057 1256 2057 1220 2056 1219 2058 1256 2057 1219 2058 1255 2059 1255 2059 1219 2058 1218 2060 1255 2059 1218 2060 1254 2061 1254 2061 1218 2060 1217 2062 1254 2061 1217 2062 1253 2063 1253 2063 1217 2062 1216 2064 1253 2063 1216 2064 1252 2065 1252 2065 1216 2064 1215 2066 1252 2065 1215 2066 1251 2067 1251 2067 1215 2066 1214 2068 1251 2067 1214 2068 1250 2069 1250 2069 1214 2068 1213 2070 1250 2069 1213 2070 1249 2071 1249 2071 1213 2070 1212 2072 1249 2071 1212 2072 1248 2073 1248 2073 1212 2072 1211 2074 1248 2073 1211 2074 1247 2075 1247 2075 1211 2074 1210 2076 1247 2075 1210 2076 1246 2077 1246 2077 1210 2076 1209 2078 1246 2077 1209 2078 1245 2079 1245 2079 1209 2078 1208 2080 1245 2079 1208 2080 1244 2081 1244 2081 1208 2080 1207 2082 1244 2081 1207 2082 1243 2083 1243 2083 1207 2082 1206 2084 1243 2083 1206 2084 1242 2085 1242 2085 1206 2084 1205 2086 1242 2085 1205 2086 1241 2087 1241 2087 1205 2086 1204 2088 1241 2087 1204 2088 1240 2089 1240 2089 1204 2088 1203 2090 1240 2089 1203 2090 1239 2091 1239 2091 1203 2090 1202 2092 1239 2091 1202 2092 1238 2093 1238 2093 1202 2092 1201 2094 1238 2093 1201 2094 1237 2095 1237 2095 1201 2094 1200 2096 1237 2095 1200 2096 1236 2097 1236 2097 1200 2096 1199 2098 1236 2097 1199 2098 1235 2099 1235 2099 1199 2098 1198 2100 1235 2099 1198 2100 1234 2101 1234 2101 1198 2100 1197 2102 1234 2101 1197 2102 1233 2103 1233 2103 1197 2102 1196 2104 1233 2103 1196 2104 1232 2105 1232 2105 1196 2104 1195 2106 1232 2105 1195 2106 1231 2107 1231 2107 1195 2106 1194 2108 1231 2107 1194 2108 1230 2109 1230 2109 1194 2108 1193 2110 1230 2109 1193 2110 1229 2111 1229 2111 1193 2110 1192 2112 1229 2111 1192 2112 1228 2113 1228 2113 1192 2112 1191 2114 1228 2113 1191 2114 1227 2115 1227 2115 1191 2114 1190 2116 1227 2115 1190 2116 1226 2043 1226 2043 1190 2116 1189 2044 1263 2117 712 2118 1262 2119 1262 2119 712 2118 711 2120 1262 2119 711 2120 750 2121 712 2118 1263 2117 713 2122 713 2122 1263 2117 1264 2123 713 2122 1264 2123 714 2124 714 2124 1264 2123 1265 2125 714 2124 1265 2125 715 2126 715 2126 1265 2125 1266 2127 715 2126 1266 2127 716 2128 716 2128 1266 2127 1267 2129 716 2128 1267 2129 717 2130 717 2130 1267 2129 1268 2131 717 2130 1268 2131 718 2132 718 2132 1268 2131 1269 2133 718 2132 1269 2133 719 2134 719 2134 1269 2133 1270 2135 719 2134 1270 2135 720 2136 720 2136 1270 2135 1271 2137 720 2136 1271 2137 721 2138 721 2138 1271 2137 1272 2139 721 2138 1272 2139 722 2140 722 2140 1272 2139 1273 2141 722 2140 1273 2141 723 2142 723 2142 1273 2141 1274 2143 723 2142 1274 2143 724 2144 724 2144 1274 2143 725 2145 725 2145 1274 2143 1275 2146 725 2145 1275 2146 726 2147 726 2147 1275 2146 1276 2148 726 2147 1276 2148 727 2149 727 2149 1276 2148 1277 2150 727 2149 1277 2150 728 2151 728 2151 1277 2150 1278 2152 728 2151 1278 2152 729 2153 729 2153 1278 2152 1279 2154 729 2153 1279 2154 730 2155 730 2155 1279 2154 1280 2156 730 2155 1280 2156 731 2157 731 2157 1280 2156 1281 2158 731 2157 1281 2158 732 2159 732 2159 1281 2158 1282 2160 732 2159 1282 2160 733 2161 733 2161 1282 2160 1283 2162 733 2161 1283 2162 734 2163 734 2163 1283 2162 1284 2164 734 2163 1284 2164 735 2165 735 2165 1284 2164 1285 2166 735 2165 1285 2166 736 2167 736 2167 1285 2166 1286 2168 736 2167 1286 2168 737 2169 737 2169 1286 2168 1287 2170 737 2169 1287 2170 738 2171 738 2171 1287 2170 739 2172 739 2172 1287 2170 1288 2173 739 2172 1288 2173 740 2174 740 2174 1288 2173 1289 2175 740 2174 1289 2175 741 2176 741 2176 1289 2175 1290 2177 741 2176 1290 2177 742 2178 742 2178 1290 2177 1291 2179 742 2178 1291 2179 743 2180 743 2180 1291 2179 1292 2181 743 2180 1292 2181 744 2182 744 2182 1292 2181 1293 2183 744 2182 1293 2183 745 2184 745 2184 1293 2183 1294 2185 745 2184 1294 2185 746 2186 746 2186 1294 2185 1295 2187 746 2186 1295 2187 747 2188 747 2188 1295 2187 1296 2189 747 2188 1296 2189 748 2190 748 2190 1296 2189 1297 2191 748 2190 1297 2191 749 2192 749 2192 1297 2191 1298 2193 749 2192 1298 2193 750 2121 750 2121 1298 2193 1262 2119 1300 2194 1263 2195 1299 2196 1299 2196 1263 2195 1262 2197 1299 2196 1262 2197 1335 2198 1335 2198 1262 2197 1298 2199 1335 2198 1298 2199 1334 2200 1334 2200 1298 2199 1297 2201 1334 2200 1297 2201 1333 2202 1333 2202 1297 2201 1296 2203 1333 2202 1296 2203 1332 2204 1332 2204 1296 2203 1295 2205 1332 2204 1295 2205 1331 2206 1331 2206 1295 2205 1294 2207 1331 2206 1294 2207 1330 2208 1330 2208 1294 2207 1293 2209 1330 2208 1293 2209 1329 2210 1329 2210 1293 2209 1292 2211 1329 2210 1292 2211 1328 2212 1328 2212 1292 2211 1291 2213 1328 2212 1291 2213 1327 2214 1327 2214 1291 2213 1290 2215 1327 2214 1290 2215 1326 2216 1326 2216 1290 2215 1289 2217 1326 2216 1289 2217 1325 2218 1325 2218 1289 2217 1288 2219 1325 2218 1288 2219 1324 2220 1324 2220 1288 2219 1287 2221 1324 2220 1287 2221 1323 2222 1323 2222 1287 2221 1286 2223 1323 2222 1286 2223 1322 2224 1322 2224 1286 2223 1285 2225 1322 2224 1285 2225 1321 2226 1321 2226 1285 2225 1284 2227 1321 2226 1284 2227 1320 2228 1320 2228 1284 2227 1283 2229 1320 2228 1283 2229 1319 2230 1319 2230 1283 2229 1282 2231 1319 2230 1282 2231 1318 2232 1318 2232 1282 2231 1281 2233 1318 2232 1281 2233 1317 2234 1317 2234 1281 2233 1280 2235 1317 2234 1280 2235 1316 2236 1316 2236 1280 2235 1279 2237 1316 2236 1279 2237 1315 2238 1315 2238 1279 2237 1278 2239 1315 2238 1278 2239 1314 2240 1314 2240 1278 2239 1277 2241 1314 2240 1277 2241 1313 2242 1313 2242 1277 2241 1276 2243 1313 2242 1276 2243 1312 2244 1312 2244 1276 2243 1275 2245 1312 2244 1275 2245 1311 2246 1311 2246 1275 2245 1274 2247 1311 2246 1274 2247 1310 2248 1310 2248 1274 2247 1273 2249 1310 2248 1273 2249 1309 2250 1309 2250 1273 2249 1272 2251 1309 2250 1272 2251 1308 2252 1308 2252 1272 2251 1271 2253 1308 2252 1271 2253 1307 2254 1307 2254 1271 2253 1270 2255 1307 2254 1270 2255 1306 2256 1306 2256 1270 2255 1269 2257 1306 2256 1269 2257 1305 2258 1305 2258 1269 2257 1268 2259 1305 2258 1268 2259 1304 2260 1304 2260 1268 2259 1267 2261 1304 2260 1267 2261 1303 2262 1303 2262 1267 2261 1266 2263 1303 2262 1266 2263 1302 2264 1302 2264 1266 2263 1265 2265 1302 2264 1265 2265 1301 2266 1301 2266 1265 2265 1264 2267 1301 2266 1264 2267 1300 2194 1300 2194 1264 2267 1263 2195 1078 2268 1077 2269 1099 2270 1099 2270 1077 2269 1113 2271 1099 2270 1113 2271 1112 2272 1112 2272 1111 2273 1099 2270 1099 2270 1111 2273 1110 2274 1099 2270 1110 2274 1100 2275 1100 2275 1110 2274 1109 2276 1100 2275 1109 2276 1101 2277 1101 2277 1109 2276 1108 2278 1101 2277 1108 2278 1102 2279 1102 2279 1108 2278 1107 2280 1102 2279 1107 2280 1103 2281 1103 2281 1107 2280 1106 2282 1103 2281 1106 2282 1104 2283 1104 2283 1106 2282 1105 2284 1098 2285 1092 2286 1099 2270 1099 2270 1092 2286 1091 2287 1099 2270 1091 2287 1090 2288 1092 2286 1098 2285 1093 2289 1093 2289 1098 2285 1097 2290 1093 2289 1097 2290 1094 2291 1094 2291 1097 2290 1096 2292 1094 2291 1096 2292 1095 2293 1090 2288 1089 2294 1099 2270 1099 2270 1089 2294 1088 2295 1099 2270 1088 2295 1087 2296 1087 2296 1086 2297 1099 2270 1099 2270 1086 2297 1085 2298 1099 2270 1085 2298 1084 2299 1084 2299 1083 2300 1099 2270 1099 2270 1083 2300 1082 2301 1099 2270 1082 2301 1081 2302 1081 2302 1080 2303 1099 2270 1099 2270 1080 2303 1079 2304 1099 2270 1079 2304 1078 2268 1300 2305 1299 2306 1321 2307 1321 2307 1299 2306 1335 2308 1321 2307 1335 2308 1334 2309 1334 2309 1333 2310 1321 2307 1321 2307 1333 2310 1332 2311 1321 2307 1332 2311 1322 2312 1322 2312 1332 2311 1331 2313 1322 2312 1331 2313 1323 2314 1323 2314 1331 2313 1330 2315 1323 2314 1330 2315 1324 2316 1324 2316 1330 2315 1329 2317 1324 2316 1329 2317 1325 2318 1325 2318 1329 2317 1328 2319 1325 2318 1328 2319 1326 2320 1326 2320 1328 2319 1327 2321 1320 2322 1314 2323 1321 2307 1321 2307 1314 2323 1313 2324 1321 2307 1313 2324 1312 2325 1314 2323 1320 2322 1315 2326 1315 2326 1320 2322 1319 2327 1315 2326 1319 2327 1316 2328 1316 2328 1319 2327 1318 2329 1316 2328 1318 2329 1317 2330 1312 2325 1311 2331 1321 2307 1321 2307 1311 2331 1310 2332 1321 2307 1310 2332 1309 2333 1309 2333 1308 2334 1321 2307 1321 2307 1308 2334 1307 2335 1321 2307 1307 2335 1306 2336 1306 2336 1305 2337 1321 2307 1321 2307 1305 2337 1304 2338 1321 2307 1304 2338 1303 2339 1303 2339 1302 2340 1321 2307 1321 2307 1302 2340 1301 2341 1321 2307 1301 2341 1300 2305 1004 2342 1003 2343 1025 2344 1025 2344 1003 2343 1039 2345 1025 2344 1039 2345 1038 2346 1038 2346 1037 2347 1025 2344 1025 2344 1037 2347 1036 2348 1025 2344 1036 2348 1026 2349 1026 2349 1036 2348 1035 2350 1026 2349 1035 2350 1027 2351 1027 2351 1035 2350 1034 2352 1027 2351 1034 2352 1028 2353 1028 2353 1034 2352 1033 2354 1028 2353 1033 2354 1029 2355 1029 2355 1033 2354 1032 2356 1029 2355 1032 2356 1030 2357 1030 2357 1032 2356 1031 2358 1024 2359 1018 2360 1025 2344 1025 2344 1018 2360 1017 2361 1025 2344 1017 2361 1016 2362 1018 2360 1024 2359 1019 2363 1019 2363 1024 2359 1023 2364 1019 2363 1023 2364 1020 2365 1020 2365 1023 2364 1022 2366 1020 2365 1022 2366 1021 2367 1016 2362 1015 2368 1025 2344 1025 2344 1015 2368 1014 2369 1025 2344 1014 2369 1013 2370 1013 2370 1012 2371 1025 2344 1025 2344 1012 2371 1011 2372 1025 2344 1011 2372 1010 2373 1010 2373 1009 2374 1025 2344 1025 2344 1009 2374 1008 2375 1025 2344 1008 2375 1007 2376 1007 2376 1006 2377 1025 2344 1025 2344 1006 2377 1005 2378 1025 2344 1005 2378 1004 2342 1152 2379 1151 2380 1173 2381 1173 2381 1151 2380 1187 2382 1173 2381 1187 2382 1186 2383 1186 2383 1185 2384 1173 2381 1173 2381 1185 2384 1184 2385 1173 2381 1184 2385 1174 2386 1174 2386 1184 2385 1183 2387 1174 2386 1183 2387 1175 2388 1175 2388 1183 2387 1182 2389 1175 2388 1182 2389 1176 2390 1176 2390 1182 2389 1181 2391 1176 2390 1181 2391 1177 2392 1177 2392 1181 2391 1180 2393 1177 2392 1180 2393 1178 2394 1178 2394 1180 2393 1179 2395 1172 2396 1166 2397 1173 2381 1173 2381 1166 2397 1165 2398 1173 2381 1165 2398 1164 2399 1166 2397 1172 2396 1167 2400 1167 2400 1172 2396 1171 2401 1167 2400 1171 2401 1168 2402 1168 2402 1171 2401 1170 2403 1168 2402 1170 2403 1169 2404 1164 2399 1163 2405 1173 2381 1173 2381 1163 2405 1162 2406 1173 2381 1162 2406 1161 2407 1161 2407 1160 2408 1173 2381 1173 2381 1160 2408 1159 2409 1173 2381 1159 2409 1158 2410 1158 2410 1157 2411 1173 2381 1173 2381 1157 2411 1156 2412 1173 2381 1156 2412 1155 2413 1155 2413 1154 2414 1173 2381 1173 2381 1154 2414 1153 2415 1173 2381 1153 2415 1152 2379 1226 2416 1225 2417 1247 2418 1247 2418 1225 2417 1261 2419 1247 2418 1261 2419 1260 2420 1260 2420 1259 2421 1247 2418 1247 2418 1259 2421 1258 2422 1247 2418 1258 2422 1248 2423 1248 2423 1258 2422 1257 2424 1248 2423 1257 2424 1249 2425 1249 2425 1257 2424 1256 2426 1249 2425 1256 2426 1250 2427 1250 2427 1256 2426 1255 2428 1250 2427 1255 2428 1251 2429 1251 2429 1255 2428 1254 2430 1251 2429 1254 2430 1252 2431 1252 2431 1254 2430 1253 2432 1246 2433 1240 2434 1247 2418 1247 2418 1240 2434 1239 2435 1247 2418 1239 2435 1238 2436 1240 2434 1246 2433 1241 2437 1241 2437 1246 2433 1245 2438 1241 2437 1245 2438 1242 2439 1242 2439 1245 2438 1244 2440 1242 2439 1244 2440 1243 2441 1238 2436 1237 2442 1247 2418 1247 2418 1237 2442 1236 2443 1247 2418 1236 2443 1235 2444 1235 2444 1234 2445 1247 2418 1247 2418 1234 2445 1233 2446 1247 2418 1233 2446 1232 2447 1232 2447 1231 2448 1247 2418 1247 2418 1231 2448 1230 2449 1247 2418 1230 2449 1229 2450 1229 2450 1228 2451 1247 2418 1247 2418 1228 2451 1227 2452 1247 2418 1227 2452 1226 2416 930 2453 929 2454 951 2455 951 2455 929 2454 965 2456 951 2455 965 2456 964 2457 964 2457 963 2458 951 2455 951 2455 963 2458 962 2459 951 2455 962 2459 952 2460 952 2460 962 2459 961 2461 952 2460 961 2461 953 2462 953 2462 961 2461 960 2463 953 2462 960 2463 954 2464 954 2464 960 2463 959 2465 954 2464 959 2465 955 2466 955 2466 959 2465 958 2467 955 2466 958 2467 956 2468 956 2468 958 2467 957 2469 950 2470 944 2471 951 2455 951 2455 944 2471 943 2472 951 2455 943 2472 942 2473 944 2471 950 2470 945 2474 945 2474 950 2470 949 2475 945 2474 949 2475 946 2476 946 2476 949 2475 948 2477 946 2476 948 2477 947 2478 942 2473 941 2479 951 2455 951 2455 941 2479 940 2480 951 2455 940 2480 939 2481 939 2481 938 2482 951 2455 951 2455 938 2482 937 2483 951 2455 937 2483 936 2484 936 2484 935 2485 951 2455 951 2455 935 2485 934 2486 951 2455 934 2486 933 2487 933 2487 932 2488 951 2455 951 2455 932 2488 931 2489 951 2455 931 2489 930 2453 1433 2490 1336 2491 1476 2492 1476 2492 1336 2491 1337 2493 1476 2492 1337 2493 1475 2494 1475 2494 1337 2493 1338 2495 1475 2494 1338 2495 1474 2496 1474 2496 1338 2495 1339 2497 1474 2496 1339 2497 1473 2498 1473 2498 1339 2497 1340 2499 1473 2498 1340 2499 1472 2500 1472 2500 1340 2499 1341 2501 1472 2500 1341 2501 1471 2502 1471 2502 1341 2501 1342 2503 1471 2502 1342 2503 1470 2504 1470 2504 1342 2503 1343 2505 1470 2504 1343 2505 1344 2506 1470 2504 1344 2506 1469 2507 1469 2507 1344 2506 1345 2508 1469 2507 1345 2508 1468 2509 1468 2509 1345 2508 1346 2510 1468 2509 1346 2510 1467 2511 1467 2511 1346 2510 1347 2512 1467 2511 1347 2512 1466 2513 1466 2513 1347 2512 1348 2514 1466 2513 1348 2514 1465 2515 1465 2515 1348 2514 1349 2516 1465 2515 1349 2516 1464 2517 1464 2517 1349 2516 1350 2518 1464 2517 1350 2518 1351 2519 1464 2517 1351 2519 1463 2520 1463 2520 1351 2519 1352 2521 1463 2520 1352 2521 1462 2522 1462 2522 1352 2521 1353 2523 1462 2522 1353 2523 1461 2524 1461 2524 1353 2523 1354 2525 1461 2524 1354 2525 1460 2526 1460 2526 1354 2525 1355 2527 1460 2526 1355 2527 1459 2528 1459 2528 1355 2527 1356 2529 1459 2528 1356 2529 1458 2530 1458 2530 1356 2529 1357 2531 1458 2530 1357 2531 1358 2532 1458 2530 1358 2532 1457 2533 1457 2533 1358 2532 1359 2534 1457 2533 1359 2534 1456 2535 1456 2535 1359 2534 1360 2536 1456 2535 1360 2536 1455 2537 1455 2537 1360 2536 1361 2538 1455 2537 1361 2538 1454 2539 1454 2539 1361 2538 1362 2540 1454 2539 1362 2540 1453 2541 1453 2541 1362 2540 1363 2542 1453 2541 1363 2542 1452 2543 1452 2543 1363 2542 1364 2544 1452 2543 1364 2544 1365 2545 1452 2543 1365 2545 1451 2546 1451 2546 1365 2545 1366 2547 1451 2546 1366 2547 1450 2548 1450 2548 1366 2547 1367 2549 1450 2548 1367 2549 1449 2550 1449 2550 1367 2549 1368 2551 1449 2550 1368 2551 1448 2552 1448 2552 1368 2551 1369 2553 1448 2552 1369 2553 1447 2554 1447 2554 1369 2553 1370 2555 1447 2554 1370 2555 1446 2556 1446 2556 1370 2555 1371 2557 1446 2556 1371 2557 1372 2558 1446 2556 1372 2558 1445 2559 1445 2559 1372 2558 1373 2560 1445 2559 1373 2560 1444 2561 1444 2561 1373 2560 1374 2562 1444 2561 1374 2562 1443 2563 1443 2563 1374 2562 1375 2564 1443 2563 1375 2564 1442 2565 1442 2565 1375 2564 1376 2566 1442 2565 1376 2566 1441 2567 1441 2567 1376 2566 1377 2568 1441 2567 1377 2568 1440 2569 1440 2569 1377 2568 1378 2570 1440 2569 1378 2570 1379 2571 1440 2569 1379 2571 1439 2572 1439 2572 1379 2571 1380 2573 1439 2572 1380 2573 1438 2574 1438 2574 1380 2573 1381 2575 1438 2574 1381 2575 1437 2576 1437 2576 1381 2575 1382 2577 1437 2576 1382 2577 1436 2578 1436 2578 1382 2577 1383 2579 1436 2578 1383 2579 1435 2580 1435 2580 1383 2579 1384 2581 1435 2580 1384 2581 1434 2582 1434 2582 1384 2581 1385 2583 1434 2582 1385 2583 1386 2584 1434 2582 1386 2584 1517 2585 1517 2585 1386 2584 1387 2586 1517 2585 1387 2586 1516 2587 1516 2587 1387 2586 1388 2588 1516 2587 1388 2588 1515 2589 1515 2589 1388 2588 1389 2590 1515 2589 1389 2590 1514 2591 1514 2591 1389 2590 1390 2592 1514 2591 1390 2592 1513 2593 1513 2593 1390 2592 1391 2594 1513 2593 1391 2594 1512 2595 1512 2595 1391 2594 1392 2596 1512 2595 1392 2596 1393 2597 1512 2595 1393 2597 1511 2598 1511 2598 1393 2597 1394 2599 1511 2598 1394 2599 1510 2600 1510 2600 1394 2599 1395 2601 1510 2600 1395 2601 1509 2602 1509 2602 1395 2601 1396 2603 1509 2602 1396 2603 1508 2604 1508 2604 1396 2603 1397 2605 1508 2604 1397 2605 1507 2606 1507 2606 1397 2605 1398 2607 1507 2606 1398 2607 1506 2608 1506 2608 1398 2607 1399 2609 1506 2608 1399 2609 1400 2610 1506 2608 1400 2610 1505 2611 1505 2611 1400 2610 1401 2612 1505 2611 1401 2612 1504 2613 1504 2613 1401 2612 1402 2614 1504 2613 1402 2614 1503 2615 1503 2615 1402 2614 1403 2616 1503 2615 1403 2616 1502 2617 1502 2617 1403 2616 1404 2618 1502 2617 1404 2618 1501 2619 1501 2619 1404 2618 1405 2620 1501 2619 1405 2620 1500 2621 1500 2621 1405 2620 1406 2622 1500 2621 1406 2622 1407 2623 1500 2621 1407 2623 1499 2624 1499 2624 1407 2623 1408 2625 1499 2624 1408 2625 1498 2626 1498 2626 1408 2625 1409 2627 1498 2626 1409 2627 1497 2628 1497 2628 1409 2627 1410 2629 1497 2628 1410 2629 1496 2630 1496 2630 1410 2629 1411 2631 1496 2630 1411 2631 1495 2632 1495 2632 1411 2631 1412 2633 1495 2632 1412 2633 1494 2634 1494 2634 1412 2633 1413 2635 1494 2634 1413 2635 1414 2636 1494 2634 1414 2636 1493 2637 1493 2637 1414 2636 1415 2638 1493 2637 1415 2638 1492 2639 1492 2639 1415 2638 1416 2640 1492 2639 1416 2640 1491 2641 1491 2641 1416 2640 1417 2642 1491 2641 1417 2642 1490 2643 1490 2643 1417 2642 1418 2644 1490 2643 1418 2644 1489 2645 1489 2645 1418 2644 1419 2646 1489 2645 1419 2646 1488 2647 1488 2647 1419 2646 1420 2648 1488 2647 1420 2648 1421 2649 1488 2647 1421 2649 1487 2650 1487 2650 1421 2649 1422 2651 1487 2650 1422 2651 1486 2652 1486 2652 1422 2651 1423 2653 1486 2652 1423 2653 1485 2654 1485 2654 1423 2653 1424 2655 1485 2654 1424 2655 1484 2656 1484 2656 1424 2655 1425 2657 1484 2656 1425 2657 1483 2658 1483 2658 1425 2657 1426 2659 1483 2658 1426 2659 1482 2660 1482 2660 1426 2659 1427 2661 1482 2660 1427 2661 1428 2662 1482 2660 1428 2662 1481 2663 1481 2663 1428 2662 1429 2664 1481 2663 1429 2664 1480 2665 1480 2665 1429 2664 1430 2666 1480 2665 1430 2666 1479 2667 1479 2667 1430 2666 1431 2668 1479 2667 1431 2668 1478 2669 1478 2669 1431 2668 1432 2670 1478 2669 1432 2670 1477 2671 1477 2671 1432 2670 1433 2490 1477 2671 1433 2490 1476 2492 848 2672 1337 2673 751 2674 751 2674 1337 2673 1336 2675 751 2674 1336 2675 752 2676 752 2676 1336 2675 1433 2677 752 2676 1433 2677 753 2678 753 2678 1433 2677 1432 2679 753 2678 1432 2679 754 2680 754 2680 1432 2679 1431 2681 754 2680 1431 2681 755 2682 755 2682 1431 2681 1430 2683 755 2682 1430 2683 756 2684 756 2684 1430 2683 1429 2685 756 2684 1429 2685 757 2686 757 2686 1429 2685 1428 2687 757 2686 1428 2687 758 2688 758 2688 1428 2687 1427 2689 758 2688 1427 2689 759 2690 759 2690 1427 2689 1426 2691 759 2690 1426 2691 760 2692 760 2692 1426 2691 1425 2693 760 2692 1425 2693 761 2694 761 2694 1425 2693 1424 2695 761 2694 1424 2695 762 2696 762 2696 1424 2695 1423 2697 762 2696 1423 2697 763 2698 763 2698 1423 2697 1422 2699 763 2698 1422 2699 764 2700 764 2700 1422 2699 1421 2701 764 2700 1421 2701 765 2702 765 2702 1421 2701 1420 2703 765 2702 1420 2703 766 2704 766 2704 1420 2703 1419 2705 766 2704 1419 2705 767 2706 767 2706 1419 2705 1418 2707 767 2706 1418 2707 768 2708 768 2708 1418 2707 1417 2709 768 2708 1417 2709 769 2710 769 2710 1417 2709 1416 2711 769 2710 1416 2711 770 2712 770 2712 1416 2711 1415 2713 770 2712 1415 2713 771 2714 771 2714 1415 2713 1414 2715 771 2714 1414 2715 772 2716 772 2716 1414 2715 1413 2717 772 2716 1413 2717 773 2718 773 2718 1413 2717 1412 2719 773 2718 1412 2719 774 2720 774 2720 1412 2719 1411 2721 774 2720 1411 2721 775 2722 775 2722 1411 2721 1410 2723 775 2722 1410 2723 776 2724 776 2724 1410 2723 1409 2725 776 2724 1409 2725 777 2726 777 2726 1409 2725 1408 2727 777 2726 1408 2727 778 2728 778 2728 1408 2727 1407 2729 778 2728 1407 2729 779 2730 779 2730 1407 2729 1406 2731 779 2730 1406 2731 780 2732 780 2732 1406 2731 1405 2733 780 2732 1405 2733 781 2734 781 2734 1405 2733 1404 2735 781 2734 1404 2735 782 2736 782 2736 1404 2735 1403 2737 782 2736 1403 2737 783 2738 783 2738 1403 2737 1402 2739 783 2738 1402 2739 784 2740 784 2740 1402 2739 1401 2741 784 2740 1401 2741 785 2742 785 2742 1401 2741 1400 2743 785 2742 1400 2743 786 2744 786 2744 1400 2743 1399 2745 786 2744 1399 2745 787 2746 787 2746 1399 2745 1398 2747 787 2746 1398 2747 788 2748 788 2748 1398 2747 1397 2749 788 2748 1397 2749 789 2750 789 2750 1397 2749 1396 2751 789 2750 1396 2751 790 2752 790 2752 1396 2751 1395 2753 790 2752 1395 2753 791 2754 791 2754 1395 2753 1394 2755 791 2754 1394 2755 792 2756 792 2756 1394 2755 1393 2757 792 2756 1393 2757 793 2758 793 2758 1393 2757 1392 2759 793 2758 1392 2759 794 2760 794 2760 1392 2759 1391 2761 794 2760 1391 2761 795 2762 795 2762 1391 2761 1390 2763 795 2762 1390 2763 796 2764 796 2764 1390 2763 1389 2765 796 2764 1389 2765 797 2766 797 2766 1389 2765 1388 2767 797 2766 1388 2767 798 2768 798 2768 1388 2767 1387 2769 798 2768 1387 2769 799 2770 799 2770 1387 2769 1386 2771 799 2770 1386 2771 800 2772 800 2772 1386 2771 1385 2773 800 2772 1385 2773 801 2774 801 2774 1385 2773 1384 2775 801 2774 1384 2775 802 2776 802 2776 1384 2775 1383 2777 802 2776 1383 2777 803 2778 803 2778 1383 2777 1382 2779 803 2778 1382 2779 804 2780 804 2780 1382 2779 1381 2781 804 2780 1381 2781 805 2782 805 2782 1381 2781 1380 2783 805 2782 1380 2783 806 2784 806 2784 1380 2783 1379 2785 806 2784 1379 2785 807 2786 807 2786 1379 2785 1378 2787 807 2786 1378 2787 808 2788 808 2788 1378 2787 1377 2789 808 2788 1377 2789 809 2790 809 2790 1377 2789 1376 2791 809 2790 1376 2791 810 2792 810 2792 1376 2791 1375 2793 810 2792 1375 2793 811 2794 811 2794 1375 2793 1374 2795 811 2794 1374 2795 812 2796 812 2796 1374 2795 1373 2797 812 2796 1373 2797 813 2798 813 2798 1373 2797 1372 2799 813 2798 1372 2799 814 2800 814 2800 1372 2799 1371 2801 814 2800 1371 2801 815 2802 815 2802 1371 2801 1370 2803 815 2802 1370 2803 816 2804 816 2804 1370 2803 1369 2805 816 2804 1369 2805 817 2806 817 2806 1369 2805 1368 2807 817 2806 1368 2807 818 2808 818 2808 1368 2807 1367 2809 818 2808 1367 2809 819 2810 819 2810 1367 2809 1366 2811 819 2810 1366 2811 820 2812 820 2812 1366 2811 1365 2813 820 2812 1365 2813 821 2814 821 2814 1365 2813 1364 2815 821 2814 1364 2815 822 2816 822 2816 1364 2815 1363 2817 822 2816 1363 2817 823 2818 823 2818 1363 2817 1362 2819 823 2818 1362 2819 824 2820 824 2820 1362 2819 1361 2821 824 2820 1361 2821 825 2822 825 2822 1361 2821 1360 2823 825 2822 1360 2823 826 2824 826 2824 1360 2823 1359 2825 826 2824 1359 2825 827 2826 827 2826 1359 2825 1358 2827 827 2826 1358 2827 828 2828 828 2828 1358 2827 1357 2829 828 2828 1357 2829 829 2830 829 2830 1357 2829 1356 2831 829 2830 1356 2831 830 2832 830 2832 1356 2831 1355 2833 830 2832 1355 2833 831 2834 831 2834 1355 2833 1354 2835 831 2834 1354 2835 832 2836 832 2836 1354 2835 1353 2837 832 2836 1353 2837 833 2838 833 2838 1353 2837 1352 2839 833 2838 1352 2839 834 2840 834 2840 1352 2839 1351 2841 834 2840 1351 2841 835 2842 835 2842 1351 2841 1350 2843 835 2842 1350 2843 836 2844 836 2844 1350 2843 1349 2845 836 2844 1349 2845 837 2846 837 2846 1349 2845 1348 2847 837 2846 1348 2847 838 2848 838 2848 1348 2847 1347 2849 838 2848 1347 2849 839 2850 839 2850 1347 2849 1346 2851 839 2850 1346 2851 840 2852 840 2852 1346 2851 1345 2853 840 2852 1345 2853 841 2854 841 2854 1345 2853 1344 2855 841 2854 1344 2855 842 2856 842 2856 1344 2855 1343 2857 842 2856 1343 2857 843 2858 843 2858 1343 2857 1342 2859 843 2858 1342 2859 844 2860 844 2860 1342 2859 1341 2861 844 2860 1341 2861 845 2862 845 2862 1341 2861 1340 2863 845 2862 1340 2863 846 2864 846 2864 1340 2863 1339 2865 846 2864 1339 2865 847 2866 847 2866 1339 2865 1338 2867 847 2866 1338 2867 848 2672 848 2672 1338 2867 1337 2673 1517 2868 178 2869 1434 2870 1434 2870 178 2869 177 2871 1434 2870 177 2871 1435 2872 1435 2872 177 2871 260 2873 1435 2872 260 2873 1436 2874 1436 2874 260 2873 259 2875 1436 2874 259 2875 1437 2876 1437 2876 259 2875 258 2877 1437 2876 258 2877 1438 2878 1438 2878 258 2877 257 2879 1438 2878 257 2879 1439 2880 1439 2880 257 2879 256 2881 1439 2880 256 2881 1440 2882 1440 2882 256 2881 255 2883 1440 2882 255 2883 1441 2884 1441 2884 255 2883 254 2885 1441 2884 254 2885 1442 2886 1442 2886 254 2885 253 2887 1442 2886 253 2887 1443 2888 1443 2888 253 2887 252 2889 1443 2888 252 2889 1444 2890 1444 2890 252 2889 251 2891 1444 2890 251 2891 1445 2892 1445 2892 251 2891 250 2893 1445 2892 250 2893 1446 2894 1446 2894 250 2893 249 2895 1446 2894 249 2895 1447 2896 1447 2896 249 2895 248 2897 1447 2896 248 2897 1448 2898 1448 2898 248 2897 247 2899 1448 2898 247 2899 1449 2900 1449 2900 247 2899 246 2901 1449 2900 246 2901 1450 2902 1450 2902 246 2901 245 2903 1450 2902 245 2903 1451 2904 1451 2904 245 2903 244 2905 1451 2904 244 2905 1452 2906 1452 2906 244 2905 243 2907 1452 2906 243 2907 1453 2908 1453 2908 243 2907 242 2909 1453 2908 242 2909 1454 2910 1454 2910 242 2909 241 2911 1454 2910 241 2911 1455 2912 1455 2912 241 2911 240 2913 1455 2912 240 2913 1456 2914 1456 2914 240 2913 239 2915 1456 2914 239 2915 1457 2916 1457 2916 239 2915 238 2917 1457 2916 238 2917 1458 2918 1458 2918 238 2917 237 2919 1458 2918 237 2919 1459 2920 1459 2920 237 2919 236 2921 1459 2920 236 2921 1460 2922 1460 2922 236 2921 235 2923 1460 2922 235 2923 1461 2924 1461 2924 235 2923 234 2925 1461 2924 234 2925 1462 2926 1462 2926 234 2925 233 2927 1462 2926 233 2927 1463 2928 1463 2928 233 2927 232 2929 1463 2928 232 2929 1464 2930 1464 2930 232 2929 231 2931 1464 2930 231 2931 1465 2932 1465 2932 231 2931 230 2933 1465 2932 230 2933 1466 2934 1466 2934 230 2933 229 2935 1466 2934 229 2935 1467 2936 1467 2936 229 2935 228 2937 1467 2936 228 2937 1468 2938 1468 2938 228 2937 227 2939 1468 2938 227 2939 1469 2940 1469 2940 227 2939 226 2941 1469 2940 226 2941 1470 2942 1470 2942 226 2941 225 2943 1470 2942 225 2943 1471 2944 1471 2944 225 2943 224 2945 1471 2944 224 2945 1472 2946 1472 2946 224 2945 223 2947 1472 2946 223 2947 1473 2948 1473 2948 223 2947 222 2949 1473 2948 222 2949 1474 2950 1474 2950 222 2949 221 2951 1474 2950 221 2951 1475 2952 1475 2952 221 2951 220 2953 1475 2952 220 2953 1476 2954 1476 2954 220 2953 219 2955 1476 2954 219 2955 1477 2956 1477 2956 219 2955 218 2957 1477 2956 218 2957 1478 2958 1478 2958 218 2957 217 2959 1478 2958 217 2959 1479 2960 1479 2960 217 2959 216 2961 1479 2960 216 2961 1480 2962 1480 2962 216 2961 215 2963 1480 2962 215 2963 1481 2964 1481 2964 215 2963 214 2965 1481 2964 214 2965 1482 2966 1482 2966 214 2965 213 2967 1482 2966 213 2967 1483 2968 1483 2968 213 2967 212 2969 1483 2968 212 2969 1484 2970 1484 2970 212 2969 211 2971 1484 2970 211 2971 1485 2972 1485 2972 211 2971 210 2973 1485 2972 210 2973 1486 2974 1486 2974 210 2973 209 2975 1486 2974 209 2975 1487 2976 1487 2976 209 2975 208 2977 1487 2976 208 2977 1488 2978 1488 2978 208 2977 207 2979 1488 2978 207 2979 1489 2980 1489 2980 207 2979 206 2981 1489 2980 206 2981 1490 2982 1490 2982 206 2981 205 2983 1490 2982 205 2983 1491 2984 1491 2984 205 2983 204 2985 1491 2984 204 2985 1492 2986 1492 2986 204 2985 203 2987 1492 2986 203 2987 1493 2988 1493 2988 203 2987 202 2989 1493 2988 202 2989 1494 2990 1494 2990 202 2989 201 2991 1494 2990 201 2991 1495 2992 1495 2992 201 2991 200 2993 1495 2992 200 2993 1496 2994 1496 2994 200 2993 199 2995 1496 2994 199 2995 1497 2996 1497 2996 199 2995 198 2997 1497 2996 198 2997 1498 2998 1498 2998 198 2997 197 2999 1498 2998 197 2999 1499 3000 1499 3000 197 2999 196 3001 1499 3000 196 3001 1500 3002 1500 3002 196 3001 195 3003 1500 3002 195 3003 1501 3004 1501 3004 195 3003 194 3005 1501 3004 194 3005 1502 3006 1502 3006 194 3005 193 3007 1502 3006 193 3007 1503 3008 1503 3008 193 3007 192 3009 1503 3008 192 3009 1504 3010 1504 3010 192 3009 191 3011 1504 3010 191 3011 1505 3012 1505 3012 191 3011 190 3013 1505 3012 190 3013 1506 3014 1506 3014 190 3013 189 3015 1506 3014 189 3015 1507 3016 1507 3016 189 3015 188 3017 1507 3016 188 3017 1508 3018 1508 3018 188 3017 187 3019 1508 3018 187 3019 1509 3020 1509 3020 187 3019 186 3021 1509 3020 186 3021 1510 3022 1510 3022 186 3021 185 3023 1510 3022 185 3023 1511 3024 1511 3024 185 3023 184 3025 1511 3024 184 3025 1512 3026 1512 3026 184 3025 183 3027 1512 3026 183 3027 1513 3028 1513 3028 183 3027 182 3029 1513 3028 182 3029 1514 3030 1514 3030 182 3029 181 3031 1514 3030 181 3031 1515 3032 1515 3032 181 3031 180 3033 1515 3032 180 3033 1516 3034 1516 3034 180 3033 179 3035 1516 3034 179 3035 1517 2868 1517 2868 179 3035 178 2869</p>
        </triangles>
      </mesh>
    </geometry>
  </library_geometries>
  <library_visual_scenes>
    <visual_scene id="Scene" name="Scene">
      <node id="Gripper-node" name="Gripper" type="NODE">
        <instance_geometry url="#Gripper-mesh">
          <bind_material>
            <technique_common>
              <instance_material symbol="Gripper_Shaft__Plastic_-_Matte__Black_" target="#Gripper_Shaft__Plastic_-_Matte__Black_"/>
            </technique_common>
          </bind_material>
        </instance_geometry>
      </node>
    </visual_scene>
  </library_visual_scenes>
  <scene>
    <instance_visual_scene url="#Scene"/>
  </scene>
</COLLADA>
